run,epoch,val_oa,train_mode_oa,clean_train_oa,model_lr,proxy_lr,sample_anchor,proxy_anchor,whole_boundary,part_boundary,proxy_project,model_clip_fraction,sample_distinct_active_fraction,proxy_distinct_active_fraction
v5_H20,1,46.84959349593496,15.867187499999998,,0.1,0.01,0.99546875,0.123046875,0.00046875,0.0,0.0,0.165,0.9952036449030351,0.9854515371701592
v5_H20,2,65.95528455284553,40.59375,,0.09999414004287889,0.009999414004287888,0.981484375,0.123046875,0.026484375,0.003359375,0.0,0.0,0.9943826720048625,0.98528256759159
v5_H20,3,76.01626016260163,57.4921875,,0.09997656161737226,0.009997656161737225,0.93265625,0.123046875,0.065,0.006015625,0.0,0.0,0.9945235525476517,0.9856206574013793
v5_H20,4,81.60569105691057,67.0078125,,0.0999472690606936,0.009994726906069357,0.8925,0.123046875,0.08609375,0.0096875,0.0,0.0,0.9946944878999802,0.9852910285453905
v5_H20,5,82.41869918699187,72.4296875,,0.09990626960034292,0.009990626960034289,0.848046875,0.123046875,0.10625,0.00796875,0.0,0.0,0.9946627312593431,0.985396824370837
v5_H20,6,85.8739837398374,75.796875,,0.0998535733523236,0.009985357335232356,0.81625,0.123046875,0.15359375,0.010703125,0.0,0.0,0.9947333942112995,0.9852709584779613
v5_H20,7,86.28048780487805,78.3046875,,0.09978919331864632,0.009978919331864627,0.79328125,0.123046875,0.187578125,0.01296875,0.0,0.0,0.9951641472697964,0.9853711349368581
v5_H20,8,85.8739837398374,80.2734375,,0.09971314538412106,0.009971314538412102,0.776796875,0.123046875,0.221328125,0.014921875,0.0,0.0,0.9950232976443609,0.9856027011090379
v5_H20,9,87.8048780487805,81.359375,,0.09962544831243772,0.009962544831243767,0.7634375,0.123046875,0.23859375,0.0165625,0.0,0.0,0.9950582833746382,0.985380584679667
v5_H20,10,87.70325203252033,82.4609375,90.49232158988256,0.09952612374153649,0.009952612374153643,0.750859375,0.123046875,0.260859375,0.013046875,0.0,0.0,0.9950761150547782,0.9850102463652878
v5_H20,11,88.3130081300813,83.3515625,,0.09941519617826905,0.0099415196178269,0.750078125,0.123046875,0.273984375,0.012421875,0.0,0.0,0.9954219164402482,0.9856418673326635
v5_H20,12,89.22764227642277,84.0,,0.09929269299235176,0.00992926929923517,0.76,0.123046875,0.28953125,0.016796875,0.0,0.0,0.9955426108479495,0.9856789181781748
v5_H20,13,88.10975609756098,84.6796875,,0.09915864440961271,0.009915864440961266,0.754765625,0.123046875,0.2915625,0.016328125,0.0,0.0,0.9954229920015121,0.9855197053847434
v5_H20,14,89.22764227642277,85.3515625,,0.09901308350453386,0.009901308350453381,0.762578125,0.123046875,0.31953125,0.01671875,0.0,0.0,0.9955848341071034,0.9852599666123134
v5_H20,15,89.9390243902439,85.53125,,0.0988560461920905,0.009885604619209044,0.762265625,0.123046875,0.315078125,0.018984375,0.0,0.0,0.9955467937553033,0.9854915999321207
v5_H20,16,89.1260162601626,86.953125,,0.09868757121888963,0.009868757121888958,0.770703125,0.123046875,0.345234375,0.021015625,0.0,0.0,0.9956203212045064,0.9855497307744517
v5_H20,17,88.21138211382114,87.375,,0.09850770015360996,0.009850770015360992,0.772578125,0.123046875,0.340078125,0.0253125,0.0,0.0,0.9954869573066161,0.9855274108188906
v5_H20,18,90.85365853658537,87.2578125,,0.0983164773767454,0.009831647737674535,0.768984375,0.123046875,0.346015625,0.02828125,0.0,0.0,0.9955873857843406,0.9852588347629119
v5_H20,19,90.44715447154472,87.7109375,,0.09811395006965479,0.009811395006965474,0.773046875,0.123046875,0.35515625,0.031328125,0.0,0.0,0.9957601440963886,0.9853474881639116
v5_H20,20,91.66666666666667,87.875,93.99277326106595,0.09790016820292066,0.009790016820292062,0.766953125,0.123046875,0.349921875,0.031796875,0.0,0.0,0.9957717282664509,0.9852848753140374
v5_H20,21,91.66666666666667,88.640625,,0.09767518452401978,0.009767518452401975,0.7546875,0.43107421875,0.425078125,0.054609375,0.0,0.0,0.7019381508306987,0.4163734271699723
v5_H20,22,89.63414634146342,87.9609375,,0.09743905454430839,0.009743905454430834,0.57359375,0.440029296875,0.325859375,0.054609375,0.0,0.0,0.36832178404564664,0.23568156972821636
v5_H20,23,90.44715447154472,88.5234375,,0.09719183652532569,0.009719183652532565,0.500859375,0.432421875,0.375546875,0.077578125,0.00630859375,0.0,0.26899091347077114,0.19679989225781716
v5_H20,24,90.54878048780488,88.546875,,0.09693359146441868,0.009693359146441866,0.518125,0.408134765625,0.367421875,0.0609375,0.04599609375,0.005,0.26212174205917405,0.16385588719181246
v5_H20,25,90.85365853658537,88.3671875,,0.09666438307969191,0.00966643830796919,0.535390625,0.37978515625,0.36328125,0.06953125,0.125947265625,0.0,0.24178756460532305,0.14385854661791592
v5_H20,26,91.15853658536585,89.0546875,,0.09638427779428609,0.009638427779428606,0.55171875,0.35677734375,0.33328125,0.066328125,0.20791015625,0.0,0.23312285319312057,0.12547629875577299
v5_H20,27,90.04065040650407,89.0234375,,0.09609334471998907,0.009609334471998904,0.58546875,0.338994140625,0.325390625,0.053125,0.254541015625,0.0,0.2264544484600124,0.116469528844478
v5_H20,28,90.65040650406505,89.2734375,,0.0957916556401836,0.009579165564018359,0.609375,0.3153515625,0.31671875,0.06,0.276953125,0.0,0.23095426637450372,0.1086716638684833
v5_H20,29,91.26016260162602,89.328125,,0.09547928499213588,0.009547928499213586,0.6278125,0.289111328125,0.30890625,0.056796875,0.279794921875,0.0,0.23409647781494514,0.1062043651523011
v5_H20,30,90.85365853658537,89.515625,93.89114724480578,0.09515630984862919,0.009515630984862918,0.63765625,0.27,0.290234375,0.05953125,0.282607421875,0.0,0.23110437729557004,0.10294362069719634
v5_H20,31,90.54878048780488,90.546875,,0.09482280989894742,0.00948228098989474,0.80765625,0.254375,0.430234375,0.087890625,0.29783203125,0.0,0.26812834355030163,0.1001752083307537
v5_H20,32,90.14227642276423,90.3359375,,0.09447886742921291,0.009447886742921288,0.992265625,0.254736328125,0.8696875,0.18390625,0.307978515625,0.0,0.22575882461864177,0.0920902108818788
v5_H20,33,91.0569105691057,90.359375,,0.09412456730208348,0.009412456730208345,0.999375,0.263955078125,0.9240625,0.276640625,0.316826171875,0.01,0.18001525676553332,0.07883216787903202
v5_H20,34,91.26016260162602,91.3125,,0.09375999693581405,0.009375999693581402,0.999921875,0.2712109375,0.936640625,0.227578125,0.32705078125,0.0,0.1646259404600156,0.07131761838172834
v5_H20,35,92.17479674796748,90.390625,,0.0933852462826873,0.009338524628268726,1.0,0.275751953125,0.9340625,0.23390625,0.3465234375,0.02,0.15422530664945125,0.06870863998128009
v5_H20,36,91.869918699187,91.203125,,0.09300040780681935,0.009300040780681931,0.999921875,0.279814453125,0.946640625,0.2546875,0.380849609375,0.0,0.14009780108624922,0.06575614720111544
v5_H20,37,91.46341463414635,91.0390625,,0.09260557646134569,0.009260557646134565,0.999765625,0.282958984375,0.9465625,0.23734375,0.41228515625,0.01,0.13611332576324967,0.07576283724584561
v5_H20,38,91.26016260162602,91.6796875,,0.09220084966499281,0.009220084966499278,1.0,0.29015625,0.945,0.286171875,0.440234375,0.0,0.12640501879796054,0.08748964116029855
v5_H20,39,92.17479674796748,91.859375,,0.09178632727804165,0.009178632727804161,1.0,0.293984375,0.943828125,0.27046875,0.451630859375,0.0,0.12481914059796664,0.06415043414764827
v5_H20,40,91.869918699187,91.9453125,95.17841011743451,0.09136211157768857,0.009136211157768855,1.0,0.300927734375,0.9471875,0.23375,0.461337890625,0.0,0.12294658422686934,0.06666014057207745
v5_H20,41,90.7520325203252,92.1015625,,0.09092830723280997,0.009092830723280996,1.0,0.302861328125,0.949921875,0.264375,0.467470703125,0.0,0.11408754886652182,0.05807312537445825
v5_H20,42,90.95528455284553,91.6875,,0.09048502127813678,0.009048502127813676,1.0,0.30783203125,0.9490625,0.281640625,0.477880859375,0.005,0.11857040177903841,0.0555883126198079
v5_H20,43,91.46341463414635,92.28125,,0.09003236308784525,0.009003236308784524,1.0,0.310908203125,0.953828125,0.27390625,0.484814453125,0.0,0.10957076827143748,0.05039074695042955
v5_H20,44,91.26016260162602,92.078125,,0.08957044434857063,0.008957044434857061,1.0,0.310087890625,0.95109375,0.250546875,0.498798828125,0.0,0.10770128392236031,0.05537664208949507
v5_H20,45,92.27642276422765,91.7265625,,0.08909937903184996,0.008909937903184994,1.0,0.310439453125,0.948359375,0.22046875,0.5126171875,0.01,0.10887860231126541,0.055872727238191956
v5_H20,46,90.2439024390244,92.8515625,,0.08861928336600144,0.008861928336600142,1.0,0.309287109375,0.951875,0.243046875,0.522763671875,0.005,0.1014821228072148,0.0605855582312054
v5_H20,47,92.17479674796748,92.5,,0.0881302758074468,0.008813027580744677,1.0,0.31162109375,0.94640625,0.26515625,0.531103515625,0.015,0.10037763136750763,0.06546816924034822
v5_H20,48,90.85365853658537,92.6953125,,0.08763247701148391,0.00876324770114839,0.99859375,0.310498046875,0.94734375,0.236953125,0.53453125,0.01,0.10070805574329761,0.06601867079546002
v5_H20,49,91.5650406504065,92.5390625,,0.087126009802517,0.008712600980251698,1.0,0.308447265625,0.9490625,0.301171875,0.53830078125,0.005,0.10284125408406179,0.058970093842865
v5_H20,50,92.17479674796748,93.0625,96.04787714543812,0.08661099914375142,0.00866109991437514,1.0,0.30779296875,0.950546875,0.27703125,0.5398828125,0.01,0.09690094185173058,0.05238002715064003
v5_H20,51,91.26016260162602,93.2734375,,0.08608757210636095,0.008608757210636094,1.0,0.311318359375,0.9546875,0.229765625,0.540556640625,0.005,0.09466829741199433,0.05901360802220975
v5_H20,52,91.36178861788618,93.0625,,0.08555585783813487,0.008555585783813486,1.0,0.31345703125,0.9528125,0.247421875,0.5441796875,0.005,0.09630230112929505,0.06281157844652369
v5_H20,53,91.5650406504065,93.40625,,0.08501598753161266,0.008501598753161265,1.0,0.3137109375,0.955546875,0.281328125,0.5433203125,0.0,0.08824430763405199,0.0624446690425017
v5_H20,54,91.0569105691057,93.3828125,,0.08446809439171417,0.008446809439171416,1.0,0.313701171875,0.95203125,0.255078125,0.545791015625,0.01,0.09094878021768127,0.0647340014646723
v5_H20,55,91.36178861788618,93.5703125,,0.08391231360287339,0.008391231360287339,1.0,0.314267578125,0.953671875,0.266875,0.5487890625,0.01,0.09509551431711877,0.06199254417040752
v5_H20,56,91.36178861788618,93.3125,,0.08334878229568365,0.008334878229568365,1.0,0.312001953125,0.951015625,0.204375,0.54888671875,0.005,0.08606800018611725,0.05908463617974554
v5_H20,57,91.66666666666667,93.375,,0.08277763951306269,0.008277763951306269,1.0,0.312451171875,0.95375,0.18671875,0.55078125,0.005,0.08651749746117157,0.05967979550007017
v5_H20,58,91.15853658536585,93.203125,,0.08219902617594593,0.008219902617594593,1.0,0.3123828125,0.950234375,0.269609375,0.5502734375,0.005,0.09015713609638322,0.05178745286943409
v5_H20,59,92.07317073170732,93.5703125,,0.08161308504851632,0.008161308504851632,0.999375,0.311865234375,0.937265625,0.546640625,0.55005859375,0.01,0.09398893586399208,0.0464818147537655
v5_H20,60,91.26016260162602,93.6015625,96.26242095754291,0.08101996070297943,0.008101996070297941,1.0,0.311484375,0.93859375,0.305,0.554306640625,0.01,0.0902920889176849,0.05124169985462318
v5_H20,61,91.66666666666667,93.5234375,,0.08041979948389241,0.00804197994838924,0.999921875,0.30865234375,0.9496875,0.24203125,0.555478515625,0.0,0.09300463555012861,0.05094108892203352
v5_H20,62,91.66666666666667,93.859375,,0.07981274947205566,0.007981274947205566,1.0,0.303896484375,0.95390625,0.264609375,0.560419921875,0.025,0.08851418324827341,0.04541721456333578
v5_H20,63,92.07317073170732,93.5859375,,0.07919896044797614,0.007919896044797613,1.0,0.302763671875,0.953671875,0.23734375,0.56888671875,0.0,0.09358004455428871,0.04541675259971801
v5_H20,64,92.07317073170732,93.515625,,0.07857858385491119,0.007857858385491117,0.999765625,0.301982421875,0.93671875,0.359140625,0.57599609375,0.005,0.09813537175383569,0.044873766320910335
v5_H20,65,92.07317073170732,93.59375,,0.07795177276150227,0.007795177276150225,1.0,0.3031640625,0.9546875,0.237578125,0.5787890625,0.005,0.0901361962560464,0.043769842015291265
v5_H20,66,92.27642276422765,94.1953125,,0.0773186818240075,0.007731868182400747,1.0,0.303154296875,0.9496875,0.223828125,0.5790234375,0.005,0.08480348924843256,0.042844936981498986
v5_H20,67,92.17479674796748,94.21875,,0.07667946724814256,0.007667946724814254,0.999921875,0.304287109375,0.953984375,0.26015625,0.58443359375,0.01,0.08296556678811515,0.04353358450807882
v5_H20,68,91.36178861788618,93.703125,,0.07603428675053929,0.007603428675053927,0.999921875,0.304921875,0.94421875,0.482734375,0.594775390625,0.025,0.08653528481570937,0.041649895379368126
v5_H20,69,92.17479674796748,94.0859375,,0.0753832995198314,0.007538329951983136,1.0,0.30505859375,0.931171875,0.37859375,0.60875,0.02,0.08990200118990536,0.03893019612685159
v5_H20,70,91.0569105691057,94.2265625,96.08175248419151,0.07472666617737717,0.007472666617737713,1.0,0.304501953125,0.94578125,0.25375,0.60728515625,0.005,0.07651452016154882,0.028810913970325005
v5_H20,71,91.76829268292683,94.625,,0.0740645487376284,0.007406454873762836,0.997890625,0.302978515625,0.93640625,0.235703125,0.60015625,0.015,0.0807376548567314,0.026019384810486948
v5_H20,72,91.66666666666667,94.03125,,0.07339711056815588,0.007339711056815584,0.999921875,0.305927734375,0.948671875,0.233125,0.6016015625,0.005,0.07891753560885816,0.039703619871762796
v5_H20,73,92.6829268292683,94.6015625,,0.07272451634934088,0.007272451634934084,1.0,0.3045703125,0.9540625,0.229296875,0.620244140625,0.005,0.08109026231031775,0.04894878275530827
v5_H20,74,90.85365853658537,94.78125,,0.0720469320337426,0.007204693203374255,1.0,0.304111328125,0.949453125,0.290078125,0.63650390625,0.01,0.08052636133734627,0.04963455620996407
v5_H20,75,92.07317073170732,94.1875,,0.071364524805152,0.007136452480515195,1.0,0.3016796875,0.956328125,0.276015625,0.6474609375,0.01,0.08114800603910029,0.05126085723724771
v5_H20,76,91.869918699187,94.8984375,,0.0706774630373417,0.007067746303734164,1.0,0.298828125,0.955390625,0.263203125,0.649560546875,0.01,0.08246948335732768,0.04894871239423121
v5_H20,77,92.07317073170732,94.421875,,0.06998591625252214,0.006998591625252208,0.99984375,0.2989453125,0.950234375,0.236796875,0.65044921875,0.015,0.0820023654528496,0.047665919251613766
v5_H20,78,91.869918699187,94.5546875,,0.06929005507951465,0.006929005507951457,0.999921875,0.305869140625,0.95109375,0.220546875,0.6543359375,0.01,0.08326121656185696,0.05055781160787031
v5_H20,79,92.27642276422765,94.8515625,,0.06859005121165128,0.006859005121165121,1.0,0.3046875,0.956796875,0.2303125,0.65806640625,0.005,0.07685825019346341,0.04537460927240987
v5_H20,80,90.7520325203252,94.6328125,96.33017163504968,0.06788607736441203,0.0067886077364411965,1.0,0.302685546875,0.95171875,0.30828125,0.66015625,0.02,0.08235320520732976,0.04541675603486429
v5_H20,81,92.47967479674797,94.7734375,,0.06717830723280993,0.0067178307232809865,1.0,0.302734375,0.95171875,0.26671875,0.664033203125,0.025,0.07620338201161936,0.04513380056311165
v5_H20,82,93.59756097560975,94.9375,,0.06646691544853438,0.0066466915448534294,1.0,0.302734375,0.95765625,0.258125,0.665185546875,0.015,0.07611717186606275,0.04569805915253699
v5_H20,83,92.27642276422765,95.09375,,0.06575207753686334,0.006575207753686325,1.0,0.3026171875,0.951171875,0.2928125,0.66744140625,0.055,0.08133429077934609,0.04486599055377781
v5_H20,84,92.78455284552845,94.8125,,0.06503396987335515,0.006503396987335505,1.0,0.302734375,0.956015625,0.30328125,0.66796875,0.01,0.07651466982287945,0.044324313819484484
v5_H20,85,92.6829268292683,94.9296875,,0.06431276964033054,0.006431276964033044,1.0,0.302744140625,0.95453125,0.24296875,0.66796875,0.025,0.0724607269459524,0.030186235656746187
v5_H20,86,91.66666666666667,95.078125,,0.06358865478315547,0.0063588654783155365,0.99921875,0.302734375,0.934140625,0.613671875,0.66796875,0.055,0.08108654331977962,0.02340923669641395
v5_H20,87,92.3780487804878,94.921875,,0.06286180396633574,0.006286180396633563,1.0,0.302734375,0.926484375,0.419765625,0.6675,0.035,0.07793968906834309,0.020600781703554557
v5_H20,88,92.98780487804878,95.515625,,0.062132396529434315,0.00621323965294342,1.0,0.302783203125,0.950546875,0.237890625,0.66412109375,0.025,0.07522806095301592,0.021392163562845266
v5_H20,89,92.98780487804878,95.3125,,0.0614006124428219,0.006140061244282178,1.0,0.30810546875,0.951328125,0.259765625,0.667021484375,0.04,0.07613877267169922,0.03645639879179486
v5_H20,90,92.3780487804878,95.265625,97.5609756097561,0.060666632263271916,0.006066663226327179,1.0,0.307548828125,0.954375,0.25015625,0.669921875,0.025,0.07812284732034437,0.041014645992472294
v5_H20,91,92.27642276422765,95.5625,,0.05993063708941094,0.005993063708941081,1.0,0.306640625,0.95296875,0.268125,0.668837890625,0.025,0.07492252128162213,0.04407646733448224
v5_H20,92,91.97154471544715,95.625,,0.05919280851703516,0.005919280851703502,0.999921875,0.31033203125,0.948515625,0.228984375,0.667998046875,0.065,0.07645034572474031,0.04383936120600424
v5_H20,93,92.88617886178862,95.6640625,,0.05845332859430444,0.0058453328594304296,1.0,0.31060546875,0.952109375,0.188515625,0.6716796875,0.03,0.07326390890285063,0.042418537227812914
v5_H20,94,92.3780487804878,95.3828125,,0.057712379776824634,0.005771237977682449,1.0,0.310546875,0.954140625,0.223046875,0.671875,0.03,0.07459136521258619,0.04228840800332872
v5_H20,95,92.27642276422765,95.609375,,0.05697014488262941,0.005697014488262927,1.0,0.310498046875,0.95375,0.27546875,0.671875,0.035,0.07087061792606922,0.028368154084586174
v5_H20,96,92.88617886178862,95.7109375,,0.05622680704707261,0.005622680704707247,1.0,0.3105078125,0.948046875,0.175078125,0.673818359375,0.035,0.06794173495102418,0.022077036133918704
v5_H20,97,92.17479674796748,95.703125,,0.055482549677642365,0.005548254967764222,1.0,0.310625,0.9478125,0.189609375,0.6721484375,0.04,0.06662237874179607,0.02035751505837882
v5_H20,98,93.1910569105691,95.9296875,,0.054737556408708,0.0054737556408707855,0.998359375,0.3125,0.9471875,0.22875,0.671875,0.045,0.0677464666775705,0.021327403550094
v5_H20,99,93.4959349593496,95.9296875,,0.05399201105621107,0.005399201105621093,1.0,0.312216796875,0.94859375,0.235390625,0.671875,0.05,0.06695280344645345,0.02040635726376318
v5_H20,100,93.08943089430895,95.8671875,98.12556458897922,0.05324609757231146,0.005324609757231131,1.0,0.314453125,0.9471875,0.2596875,0.671875,0.045,0.06739899758202693,0.021405984551893995
v5_H20,101,91.76829268292683,95.78125,,0.05249999999999998,0.005249999999999982,1.0,0.314453125,0.946875,0.244765625,0.671875,0.065,0.0668626292608656,0.020047684212363
v5_H20,102,92.17479674796748,96.1484375,,0.0517539024276885,0.005175390242768835,1.0,0.31384765625,0.95234375,0.24359375,0.671875,0.035,0.06778619504373458,0.02037285617066973
v5_H20,103,92.6829268292683,95.828125,,0.05100798894378888,0.005100798894378873,0.999921875,0.31267578125,0.951328125,0.2353125,0.671875,0.055,0.06569937737087247,0.019234673544428486
v5_H20,104,92.3780487804878,96.3515625,,0.05026244359129195,0.00502624435912918,1.0,0.312724609375,0.948125,0.236484375,0.671875,0.03,0.06504251160244168,0.019740176744972856
v5_H20,105,91.76829268292683,96.265625,,0.04951745032235759,0.004951745032235744,0.999921875,0.314404296875,0.948671875,0.256484375,0.671552734375,0.05,0.06577760979617461,0.01942450616137608
v5_H20,106,92.78455284552845,96.1640625,,0.04877319295292735,0.004877319295292719,1.0,0.313857421875,0.9496875,0.276171875,0.66880859375,0.015,0.06311529731166099,0.01895057108274442
v5_H20,107,92.6829268292683,96.1796875,,0.04802985511737055,0.004802985511737039,1.0,0.31333984375,0.95125,0.267265625,0.66796875,0.06,0.06391436672392842,0.018935717858929463
v5_H20,108,91.5650406504065,96.140625,,0.04728762022317533,0.004728762022317517,1.0,0.312392578125,0.9515625,0.254921875,0.66796875,0.04,0.06311500996502237,0.0183345030736259
v5_H20,109,92.17479674796748,96.375,,0.04654667140569553,0.004654667140569536,0.997578125,0.310751953125,0.939296875,0.2221875,0.66796875,0.075,0.06378214029438158,0.018510451176880376
v5_H20,110,92.27642276422765,96.3671875,97.64001806684733,0.04580719148296482,0.004580719148296464,1.0,0.312265625,0.94484375,0.218515625,0.66796875,0.08,0.06381118461191097,0.0184968363564263
v5_H20,111,93.39430894308943,96.5625,,0.04506936291058902,0.004506936291058885,1.0,0.31416015625,0.949921875,0.191328125,0.6690234375,0.045,0.06357253540967651,0.018692533090835607
v5_H20,112,91.76829268292683,96.6796875,,0.04433336773672803,0.004433336773672785,0.999921875,0.3139453125,0.941484375,0.224375,0.669921875,0.06,0.061441915937597555,0.017736467510291506
v5_H20,113,92.3780487804878,96.5390625,,0.04359938755717807,0.004359938755717789,1.0,0.313369140625,0.944765625,0.26734375,0.669921875,0.09,0.06342958670807056,0.018062576000550175
v5_H20,114,93.1910569105691,96.7890625,,0.04286760347056565,0.004286760347056547,0.995,0.31318359375,0.93609375,0.27640625,0.669921875,0.075,0.06528926550581846,0.018310563218584968
v5_H20,115,92.3780487804878,96.46875,,0.042138196033664234,0.004213819603366406,1.0,0.312001953125,0.945625,0.24546875,0.669921875,0.095,0.06533244114605512,0.018505784588372046
v5_H20,116,92.88617886178862,96.953125,,0.04141134521684448,0.004141134521684431,1.0,0.312421875,0.95296875,0.243125,0.669921875,0.065,0.06132347199375292,0.018554724240592527
v5_H20,117,92.6829268292683,96.7421875,,0.04068723035966939,0.004068723035966922,1.0,0.3118359375,0.9421875,0.239765625,0.669921875,0.07,0.06050600658756046,0.017843881586139563
v5_H20,118,92.98780487804878,96.75,,0.039966030126644785,0.003996603012664461,1.0,0.309912109375,0.940078125,0.214296875,0.66623046875,0.09,0.06052722108884356,0.016956405760310697
v5_H20,119,92.3780487804878,96.9609375,,0.03924792246313661,0.003924792246313644,1.0,0.310654296875,0.943359375,0.24609375,0.666015625,0.085,0.05986194934942751,0.017058181066055916
v5_H20,120,93.4959349593496,96.859375,98.43044263775971,0.03853308455146556,0.0038533084551465395,1.0,0.30984375,0.9403125,0.167578125,0.666015625,0.1,0.05977405885864355,0.016407071376956132
v5_H20,121,92.58130081300813,97.2421875,,0.03782169276719001,0.0037821692767189847,1.0,0.310546875,0.94796875,0.2075,0.666015625,0.035,0.05948633584206964,0.017095737137348813
v5_H20,122,92.47967479674797,96.6796875,,0.037113922635587895,0.0037113922635587738,0.998125,0.310546875,0.9396875,0.251328125,0.666015625,0.125,0.0641355379957925,0.0173190595449126
v5_H20,123,92.3780487804878,97.2890625,,0.036409948788348655,0.00364099487883485,1.0,0.310546875,0.94515625,0.2415625,0.666015625,0.105,0.05992690357929233,0.017412216562550865
v5_H20,124,93.90243902439025,97.1171875,,0.03570994492048529,0.003570994492048514,1.0,0.31171875,0.94484375,0.265703125,0.666015625,0.07,0.05732197689135802,0.016336971243436207
v5_H20,125,93.1910569105691,97.1640625,,0.0350140837474778,0.003501408374747766,1.0,0.31404296875,0.9490625,0.22296875,0.666982421875,0.08,0.05494712960725994,0.016668818890662653
v5_H20,126,92.78455284552845,97.2421875,,0.03432253696265824,0.0034322536962658103,1.0,0.3125,0.94984375,0.23234375,0.66796875,0.14,0.05543982592557038,0.016493714486299115
v5_H20,127,92.17479674796748,97.515625,,0.03363547519484791,0.0033635475194847774,1.0,0.315625,0.949140625,0.1965625,0.66796875,0.115,0.06013160589922163,0.01731949164377822
v5_H20,128,92.78455284552845,97.2734375,,0.03295306796625733,0.00329530679662572,1.0,0.31640625,0.948671875,0.22421875,0.66796875,0.125,0.05719527683492916,0.016782089197342805
v5_H20,129,92.6829268292683,97.25,,0.03227548365065904,0.003227548365065892,1.0,0.31640625,0.954140625,0.2759375,0.66796875,0.095,0.05151078906537422,0.01681465736350977
v5_H20,130,91.97154471544715,97.375,98.3739837398374,0.03160288943184402,0.00316028894318439,1.0,0.31640625,0.944609375,0.252734375,0.66796875,0.115,0.05501656961719464,0.016594288771086485
v5_H20,131,93.80081300813008,97.3671875,,0.030935451262371523,0.0030935451262371406,0.9975,0.31640625,0.946875,0.19125,0.666796875,0.125,0.055758028594929746,0.016289619655026594
v5_H20,132,92.47967479674797,97.53125,,0.030273333822622765,0.0030273333822622654,0.999921875,0.31572265625,0.9378125,0.267578125,0.666015625,0.115,0.05384616614721342,0.015416899085608556
v5_H20,133,92.58130081300813,97.671875,,0.02961670048016851,0.00296167004801684,1.0,0.31640625,0.944453125,0.234609375,0.666015625,0.115,0.055289841515033765,0.01614732632074245
v5_H20,134,92.78455284552845,97.4921875,,0.02896571324946063,0.0028965713249460524,1.0,0.31640625,0.9465625,0.264765625,0.666015625,0.12,0.052412081515690365,0.016484928339724255
v5_H20,135,92.78455284552845,97.4765625,,0.028320532751857353,0.002832053275185725,0.99984375,0.31640625,0.947109375,0.240625,0.666015625,0.12,0.053842179599762625,0.015832101706857834
v5_H20,136,93.08943089430895,97.6953125,,0.027681318175992422,0.0027681318175992323,0.999921875,0.31619140625,0.944765625,0.237265625,0.666015625,0.145,0.05473121478822547,0.015821361254208764
v5_H20,137,91.869918699187,97.625,,0.027048227238497636,0.002704822723849754,0.9978125,0.31640625,0.934765625,0.211640625,0.664912109375,0.13,0.05355591252015941,0.01611436150286777
v5_H20,138,92.98780487804878,97.546875,,0.026421416145088722,0.002642141614508863,1.0,0.31640625,0.93875,0.220390625,0.6640625,0.145,0.05249329981642457,0.01566631043591004
v5_H20,139,92.78455284552845,97.78125,,0.02580103955202378,0.002580103955202369,0.999921875,0.31640625,0.9384375,0.243515625,0.66287109375,0.155,0.05430596247113811,0.015572152147950304
v5_H20,140,92.6829268292683,97.953125,98.78048780487805,0.025187250527944256,0.0025187250527944167,1.0,0.31640625,0.939296875,0.21046875,0.662109375,0.135,0.052185263925748536,0.016025383067636588
v5_H20,141,92.17479674796748,97.875,,0.02458020051610752,0.0024580200516107435,1.0,0.31640625,0.94234375,0.244296875,0.662109375,0.175,0.049641249724099765,0.016148416085632857
v5_H20,142,92.47967479674797,97.6875,,0.023980039297020504,0.002398003929702042,1.0,0.31640625,0.940859375,0.2546875,0.662109375,0.175,0.052459703277951825,0.015031700430927733
v5_H20,143,92.88617886178862,97.7421875,,0.023386914951483602,0.002338691495148352,0.99984375,0.31591796875,0.943359375,0.270078125,0.662109375,0.165,0.04995312345011407,0.015440548616954715
v5_H20,144,93.1910569105691,97.9296875,,0.022800973824053994,0.0022800973824053912,1.0,0.314453125,0.940546875,0.200859375,0.662109375,0.13,0.04940817044691129,0.014507748782352
v5_H20,145,92.78455284552845,97.9921875,,0.022222360486937227,0.0022222360486937147,0.999921875,0.314453125,0.936328125,0.229140625,0.662109375,0.145,0.048211886635531956,0.013589483722955426
v5_H20,146,92.98780487804878,98.015625,,0.021651217704316272,0.0021651217704316194,1.0,0.3146875,0.94109375,0.23640625,0.662109375,0.145,0.048473557115670626,0.013412692385738775
v5_H20,147,92.78455284552845,98.3671875,,0.021087686397126534,0.002108768639712646,0.999921875,0.314453125,0.936171875,0.281796875,0.662109375,0.115,0.04734804862444018,0.01346678220717676
v5_H20,148,93.08943089430895,98.46875,,0.02053190560828575,0.0020531905608285684,0.999921875,0.314453125,0.93859375,0.23390625,0.662109375,0.165,0.048401902428570974,0.012895445482140288
v5_H20,149,93.29268292682927,98.296875,,0.019984012468387276,0.001998401246838721,1.0,0.314453125,0.938984375,0.206640625,0.660732421875,0.14,0.04723433584561087,0.01264504556127883
v5_H20,150,93.90243902439025,98.015625,99.14182475158086,0.01944414216186506,0.0019444142161864997,1.0,0.314453125,0.9428125,0.23671875,0.66015625,0.15,0.04748014597466233,0.012412541350742119
v5_H20,151,93.08943089430895,98.3671875,,0.018912427893638985,0.0018912427893638924,0.99828125,0.314296875,0.934765625,0.23875,0.66015625,0.2,0.04830965071880686,0.013188737749107964
v5_H20,152,93.08943089430895,98.3515625,,0.018389000856248526,0.0018389000856248467,1.0,0.314453125,0.94234375,0.2140625,0.66015625,0.195,0.047268588528295616,0.012606751218345293
v5_H20,153,92.47967479674797,98.359375,,0.01787399019748295,0.0017873990197482894,1.0,0.314453125,0.93640625,0.24171875,0.66015625,0.15,0.04692251852372988,0.012749139009474634
v5_H20,154,93.90243902439025,98.4453125,,0.017367522988516022,0.001736752298851597,0.999921875,0.314453125,0.941171875,0.254609375,0.659521484375,0.18,0.0445689091103976,0.01264315830392919
v5_H20,155,93.08943089430895,98.328125,,0.016869724192553157,0.0016869724192553107,0.999609375,0.314453125,0.9446875,0.262421875,0.658837890625,0.21,0.04735609156631133,0.012644436429282915
v5_H20,156,92.3780487804878,98.578125,,0.016380716633998517,0.001638071663399847,0.997890625,0.314453125,0.937421875,0.151875,0.658203125,0.2,0.04529513452199951,0.012325553581617627
v5_H20,157,92.88617886178862,98.625,,0.015900620968150002,0.0015900620968149958,0.99796875,0.314453125,0.92703125,0.224453125,0.656298828125,0.215,0.046181875284420484,0.012370847628230522
v5_H20,158,93.08943089430895,98.53125,,0.015429555651429332,0.0015429555651429291,1.0,0.314453125,0.940234375,0.225625,0.6547265625,0.175,0.04412213813690894,0.012021776233010676
v5_H20,159,92.88617886178862,98.7890625,,0.014967636912154691,0.0014967636912154654,0.999921875,0.314453125,0.9340625,0.19609375,0.65458984375,0.175,0.04702589447083473,0.012174567325120619
v5_H20,160,93.1910569105691,98.6875,99.14182475158086,0.014514978721863185,0.0014514978721863149,0.99984375,0.314453125,0.927734375,0.230546875,0.65236328125,0.13,0.04425037693403534,0.012045386318085395
v5_H20,161,93.80081300813008,98.8359375,,0.014071692767189989,0.0014071692767189956,0.999921875,0.314453125,0.93359375,0.208046875,0.649052734375,0.145,0.044639944739720244,0.011591789144165832
v5_H20,162,93.59756097560975,98.6640625,,0.013637888422311381,0.001363788842231135,1.0,0.314453125,0.943828125,0.24390625,0.6484375,0.175,0.042761095687107384,0.01190500659278512
v5_H20,163,92.6829268292683,98.609375,,0.013213672721958305,0.0013213672721958277,0.999921875,0.314453125,0.930703125,0.22734375,0.646162109375,0.155,0.041555696943150464,0.01181135955823871
v5_H20,164,93.80081300813008,98.8046875,,0.01279915033500716,0.0012799150335007134,0.999921875,0.314453125,0.93375,0.201484375,0.642451171875,0.15,0.04216738437536965,0.012318118397448674
v5_H20,165,93.39430894308943,98.8984375,,0.012394423538654283,0.0012394423538654258,1.0,0.314453125,0.9303125,0.23140625,0.640625,0.155,0.040849500829553194,0.012406986528578733
v5_H20,166,93.39430894308943,98.703125,,0.01199959219318062,0.0011999592193180598,1.0,0.314453125,0.932734375,0.233359375,0.640625,0.16,0.043486045808946605,0.012592459721319112
v5_H20,167,92.88617886178862,98.9453125,,0.011614753717312661,0.001161475371731264,0.997578125,0.314453125,0.930390625,0.18,0.63802734375,0.16,0.04244902014833999,0.012683276237932108
v5_H20,168,92.78455284552845,98.8984375,,0.011240003064185902,0.0011240003064185884,0.999921875,0.314453125,0.923125,0.236171875,0.63671875,0.14,0.04258414822110373,0.01226509343943316
v5_H20,169,93.1910569105691,98.8359375,,0.010875432697916469,0.0010875432697916452,1.0,0.314453125,0.9309375,0.204609375,0.63671875,0.185,0.04020061136264805,0.012305070578511471
v5_H20,170,93.1910569105691,98.9375,99.43541102077687,0.01052113257078705,0.0010521132570787035,1.0,0.314453125,0.924140625,0.203359375,0.63671875,0.175,0.041383301519700474,0.012578134537147071
v5_H20,171,93.4959349593496,99.0859375,,0.01017719010105252,0.0010177190101052507,0.999921875,0.314453125,0.925078125,0.247578125,0.63671875,0.145,0.04113530960591251,0.012608797197353055
v5_H20,172,93.59756097560975,99.15625,,0.009843690151370751,0.000984369015137074,0.999921875,0.314453125,0.93078125,0.1853125,0.63671875,0.2,0.04240651664982282,0.012084031415242995
v5_H20,173,92.58130081300813,99.09375,,0.00952071500786407,0.000952071500786406,0.997734375,0.314453125,0.939765625,0.1821875,0.63630859375,0.155,0.04049043579694215,0.012186226773197526
v5_H20,174,93.1910569105691,98.9296875,,0.009208344359816349,0.000920834435981634,1.0,0.314453125,0.93453125,0.245,0.634765625,0.195,0.03932842980492485,0.012126651291668043
v5_H20,175,93.39430894308943,99.1328125,,0.008906655280010896,0.0008906655280010888,0.99984375,0.314453125,0.92640625,0.26046875,0.632978515625,0.2,0.0401917073919607,0.012685057903683001
v5_H20,176,94.0040650406504,99.125,,0.008615722205713881,0.0008615722205713873,0.997578125,0.314453125,0.922265625,0.183359375,0.63265625,0.195,0.041579215519147394,0.012318018652679338
v5_H20,177,93.39430894308943,99.0546875,,0.008335616920308053,0.0008335616920308045,0.999921875,0.314453125,0.931484375,0.207890625,0.630859375,0.145,0.03810086839813698,0.012246021646825507
v5_H20,178,93.69918699186992,99.25,,0.008066408535581292,0.0008066408535581285,0.999921875,0.314453125,0.92734375,0.20109375,0.629453125,0.17,0.038492895783510034,0.012222146100236047
v5_H20,179,94.0040650406504,99.1015625,,0.007808163474674284,0.0007808163474674278,1.0,0.314453125,0.916328125,0.266328125,0.627451171875,0.205,0.038486682789365415,0.012396781719729593
v5_H20,180,93.39430894308943,99.125,99.55962059620596,0.007560945455691592,0.0007560945455691587,1.0,0.314453125,0.929765625,0.172265625,0.62349609375,0.2,0.03985229357211793,0.012358974582568502
v5_H20,181,92.17479674796748,99.125,,0.007324815475980202,0.0007324815475980197,0.999921875,0.314453125,0.930234375,0.188359375,0.62353515625,0.175,0.038352156919166484,0.012415002634466798
v5_H20,182,93.08943089430895,99.2109375,,0.007099831797079314,0.000709983179707931,0.994921875,0.314453125,0.910625,0.241015625,0.623046875,0.225,0.0398362331043082,0.012315674409768829
v5_H20,183,93.4959349593496,99.234375,,0.006886049930345205,0.0006886049930345202,1.0,0.316279296875,0.91859375,0.263359375,0.623828125,0.175,0.03774806487813768,0.011950087368278154
v5_H20,184,93.39430894308943,99.1640625,,0.006683522623254593,0.000668352262325459,1.0,0.31640625,0.925625,0.226796875,0.623046875,0.145,0.03692113443665743,0.012090381125678935
v5_H20,185,93.29268292682927,99.2578125,,0.006492299846390026,0.0006492299846390024,0.999140625,0.31640625,0.915078125,0.250859375,0.624931640625,0.21,0.03809060598109549,0.012187413397436097
v5_H20,186,93.29268292682927,99.2578125,,0.0063124287811103606,0.0006312428781110359,0.995234375,0.31640625,0.9040625,0.242109375,0.6244140625,0.15,0.039831830442417025,0.0121793570514984
v5_H20,187,93.08943089430895,99.203125,,0.0061439538079094995,0.0006143953807909498,0.996875,0.31640625,0.9159375,0.240390625,0.62236328125,0.17,0.03979477935091512,0.012226721807517249
v5_H20,188,93.08943089430895,99.234375,,0.00598691649546612,0.0005986916495466117,0.999921875,0.31640625,0.9071875,0.196953125,0.620419921875,0.215,0.038115534466412894,0.012378736147167411
v5_H20,189,93.1910569105691,99.359375,,0.005841355590387284,0.0005841355590387282,0.999921875,0.31640625,0.922734375,0.200859375,0.618720703125,0.13,0.03563989558205968,0.012003539904577027
v5_H20,190,93.1910569105691,99.40625,99.44670280036134,0.00570730700764824,0.0005707307007648239,0.9978125,0.31640625,0.908671875,0.20609375,0.6171875,0.125,0.03655575381126128,0.012074242674280661
v5_H20,191,92.17479674796748,99.34375,,0.00558480382173096,0.0005584803821730959,1.0,0.31640625,0.908203125,0.227421875,0.615947265625,0.165,0.03712778710141453,0.012050901373295834
v5_H20,192,93.08943089430895,99.3671875,,0.005473876258463516,0.0005473876258463515,1.0,0.31640625,0.91359375,0.1684375,0.615234375,0.15,0.03647615149984333,0.011726505264783617
v5_H20,193,93.4959349593496,99.375,,0.005374551687562306,0.0005374551687562305,0.998046875,0.32109375,0.906015625,0.194765625,0.612431640625,0.165,0.03712386149648361,0.019698422703649292
v5_H20,194,93.39430894308943,99.3671875,,0.005286854615878969,0.0005286854615878968,0.999921875,0.322265625,0.903359375,0.2084375,0.611328125,0.2,0.03662355474351043,0.022014102927592167
v5_H20,195,93.08943089430895,99.3515625,,0.0052108066813537,0.0005210806681353699,1.0,0.322265625,0.9059375,0.201171875,0.611328125,0.24,0.036031153783439004,0.02173914368856392
v5_H20,196,93.69918699186992,99.34375,,0.005146426647676422,0.0005146426647676421,0.998125,0.322265625,0.918984375,0.23234375,0.611328125,0.205,0.03617952884484539,0.021799154175504012
v5_H20,197,92.98780487804878,99.265625,,0.005093730399657101,0.00050937303996571,0.999921875,0.322265625,0.915078125,0.2146875,0.611328125,0.205,0.03472203351358782,0.021861378556399063
v5_H20,198,93.1910569105691,99.46875,,0.00505273093930643,0.0005052730939306429,0.998515625,0.322265625,0.90296875,0.2765625,0.611328125,0.155,0.03630456007810874,0.021777130415855515
v5_H20,199,92.6829268292683,99.390625,,0.005023438382627749,0.0005023438382627749,0.999921875,0.322265625,0.905,0.249921875,0.609912109375,0.185,0.03612510451755655,0.02194429221016337
v5_H20,200,93.08943089430895,99.359375,99.61607949412827,0.0050058599571211225,0.0005005859957121122,1.0,0.322265625,0.907890625,0.246328125,0.609375,0.215,0.035353874381866594,0.0218708332596644
v6_H20,1,46.84959349593496,15.867187499999998,,0.1,0.01,0.99546875,0.123046875,0.00046875,0.0,0.0,0.165,0.9953145917001339,0.9853895842134627
v6_H20,2,63.61788617886179,40.421875,,0.09999739554486184,0.009999739554486183,0.9834375,0.123046875,0.028203125,0.003671875,0.0,0.0,0.9944827273771598,0.9857405985690599
v6_H20,3,75.0,57.92968750000001,,0.09998958246505517,0.009998958246505516,0.9334375,0.123046875,0.061484375,0.00828125,0.0,0.0,0.9946060949081809,0.9859222150381249
v6_H20,4,81.40243902439025,67.484375,,0.09997656161737226,0.009997656161737225,0.88859375,0.123046875,0.0803125,0.008359375,0.0,0.0,0.9947354944069104,0.9857042645315788
v6_H20,5,83.130081300813,72.25,,0.09995833442969577,0.009995833442969577,0.843125,0.123046875,0.113046875,0.010703125,0.0,0.0,0.9947964834268846,0.9854491615768838
v6_H20,6,84.65447154471545,76.28125,,0.09993490290084225,0.009993490290084225,0.7959375,0.123046875,0.15078125,0.0125,0.0,0.0,0.9947427210365092,0.9853036493384627
v6_H20,7,85.36585365853658,78.7421875,,0.09990626960034289,0.009990626960034289,0.786171875,0.123046875,0.1925,0.0153125,0.0,0.0,0.994908768614056,0.985350672804818
v6_H20,8,86.3821138211382,80.2265625,,0.09987243766816174,0.009987243766816175,0.770859375,0.123046875,0.229296875,0.01734375,0.0,0.0,0.9948810145498905,0.9855788222812355
v6_H20,9,87.39837398373983,81.8046875,,0.09983341081435144,0.009983341081435145,0.766484375,0.123046875,0.258984375,0.020703125,0.0,0.0,0.9948163519402365,0.9857048649572484
v6_H20,10,87.70325203252033,82.46875,90.1535682023487,0.09978919331864629,0.009978919331864629,0.76765625,0.123046875,0.29734375,0.01828125,0.0,0.0,0.9948512242069124,0.9853541168767921
v6_H20,11,88.10975609756098,83.484375,,0.09973979002999298,0.009973979002999298,0.768359375,0.123046875,0.30640625,0.0190625,0.0,0.0,0.9948605539755675,0.9854812392782055
v6_H20,12,89.63414634146342,84.1640625,,0.09968520636601882,0.009968520636601882,0.781875,0.123046875,0.32703125,0.027734375,0.0,0.0,0.9951253170070464,0.9852559480312496
v6_H20,13,89.22764227642277,84.7578125,,0.0996254483124377,0.00996254483124377,0.77546875,0.123046875,0.3340625,0.03328125,0.0,0.0,0.9953058190207639,0.985063917339594
v6_H20,14,89.22764227642277,85.3125,,0.09956052242239358,0.009956052242239357,0.7796875,0.123046875,0.35984375,0.032578125,0.0,0.0,0.9951816470117848,0.985494346729617
v6_H20,15,89.83739837398375,85.765625,,0.09949043581574195,0.009949043581574194,0.77015625,0.123046875,0.35,0.031328125,0.0,0.0,0.9953373645057131,0.9853587422612914
v6_H20,16,90.04065040650407,86.6875,,0.09941519617826905,0.009941519617826904,0.78578125,0.123046875,0.370078125,0.0353125,0.0,0.0,0.9954650178767376,0.9853778818490279
v6_H20,17,89.32926829268293,87.0546875,,0.09933481176084899,0.009933481176084898,0.78921875,0.123046875,0.3815625,0.03765625,0.0,0.0,0.9955493382462619,0.9854963801415695
v6_H20,18,90.7520325203252,86.9375,,0.09924929137853898,0.009924929137853897,0.7734375,0.123046875,0.359765625,0.040625,0.0,0.0,0.9955668652491607,0.985233646065477
v6_H20,19,89.32926829268293,87.34375,,0.09915864440961272,0.009915864440961271,0.780546875,0.123046875,0.369296875,0.042421875,0.0,0.0,0.995350059805322,0.985503249633106
v6_H20,20,90.95528455284553,87.7265625,93.16847335140018,0.0990628807945318,0.009906288079453178,0.758984375,0.123046875,0.363359375,0.0425,0.0,0.0,0.9955871167276773,0.9853829929954464
v6_H20,21,90.14227642276423,88.6875,,0.09896201103485577,0.009896201103485575,0.871796875,0.4030078125,0.596875,0.0915625,0.0,0.0,0.6574174032548663,0.41197984319541
v6_H20,22,90.14227642276423,88.2734375,,0.0988560461920905,0.009885604619209048,0.98734375,0.41974609375,0.799765625,0.1928125,0.000537109375,0.005,0.28538161818259017,0.23191320524975545
v6_H20,23,89.73577235772358,88.53125,,0.09874499788647512,0.009874499788647509,0.99453125,0.422587890625,0.8778125,0.21828125,0.009912109375,0.0,0.2097651736477813,0.18317111635763011
v6_H20,24,90.2439024390244,88.3984375,,0.09862887829570773,0.009862887829570769,0.99765625,0.42197265625,0.91796875,0.1946875,0.0476953125,0.0,0.17187378324473368,0.13694142882034874
v6_H20,25,90.34552845528455,89.03125,,0.09850770015360999,0.009850770015360995,0.999140625,0.420849609375,0.925390625,0.20921875,0.126845703125,0.005,0.15967644488986218,0.09967771435073501
v6_H20,26,90.85365853658537,89.4921875,,0.09838147674873075,0.00983814767487307,0.99921875,0.418671875,0.9328125,0.236953125,0.2185546875,0.015,0.15117795550597338,0.08671186682070699
v6_H20,27,90.44715447154472,89.5234375,,0.09825022192288878,0.009825022192288873,0.998828125,0.417373046875,0.933515625,0.211171875,0.281240234375,0.015,0.14554773353281075,0.07469010955119833
v6_H20,28,91.0569105691057,89.0,,0.09811395006965482,0.009811395006965477,0.99828125,0.417529296875,0.934375,0.22921875,0.309072265625,0.01,0.1453729966087614,0.07571213899358295
v6_H20,29,91.66666666666667,89.5234375,,0.0979726761327732,0.009797267613277316,0.99828125,0.412294921875,0.941484375,0.21046875,0.3125,0.0,0.1373022032851282,0.0725537681238059
v6_H20,30,89.9390243902439,89.4375,93.75564588979223,0.09782641560452317,0.009782641560452313,0.99953125,0.408095703125,0.940234375,0.23875,0.31490234375,0.005,0.13125944807433224,0.06172782561651431
v6_H20,31,91.36178861788618,90.4765625,,0.09767518452401981,0.009767518452401978,0.9996875,0.408203125,0.9365625,0.31625,0.3188671875,0.005,0.13398313448131888,0.057980381884336
v6_H20,32,90.85365853658537,89.828125,,0.09751899947545534,0.009751899947545531,1.0,0.408203125,0.9390625,0.2071875,0.32564453125,0.0,0.1310501258912691,0.06031098406556114
v6_H20,33,91.26016260162602,90.109375,,0.09735787758628037,0.009735787758628035,1.0,0.40787109375,0.94578125,0.2796875,0.33431640625,0.015,0.12583372000896456,0.06349214746302652
v6_H20,34,91.36178861788618,90.8046875,,0.09719183652532572,0.00971918365253257,1.0,0.40306640625,0.944921875,0.22984375,0.34591796875,0.005,0.12336398172455573,0.07144129421463633
v6_H20,35,92.17479674796748,90.8046875,,0.09702089450086485,0.009702089450086484,1.0,0.402109375,0.94265625,0.22703125,0.359716796875,0.005,0.12379635854076522,0.06978021468809158
v6_H20,36,91.97154471544715,91.1171875,,0.09684507025861708,0.009684507025861707,0.99984375,0.400390625,0.945234375,0.256328125,0.3819140625,0.005,0.11689731206369536,0.06650446821308703
v6_H20,37,92.3780487804878,90.578125,,0.09666438307969194,0.009666438307969193,1.0,0.39861328125,0.944296875,0.22828125,0.4027734375,0.0,0.11456816686831657,0.06559065342660618
v6_H20,38,91.36178861788618,91.328125,,0.09647885277847476,0.009647885277847474,1.0,0.39814453125,0.947578125,0.29,0.42013671875,0.005,0.11297862779569087,0.06366658194077462
v6_H20,39,90.54878048780488,91.609375,,0.09628849970045378,0.009628849970045377,0.999921875,0.39724609375,0.951328125,0.279921875,0.446318359375,0.005,0.11311985424835777,0.06531984304556379
v6_H20,40,91.46341463414635,91.6171875,94.95257452574526,0.09609334471998911,0.00960933447199891,1.0,0.39529296875,0.948203125,0.22625,0.46568359375,0.0,0.10996664287391258,0.06894979185595806
v6_H20,41,91.66666666666667,91.6640625,,0.09589340923802354,0.009589340923802352,1.0,0.39765625,0.95125,0.26515625,0.480205078125,0.0,0.10820296562577288,0.0697868880845482
v6_H20,42,91.5650406504065,91.7734375,,0.09568871517973576,0.009568871517973575,0.999921875,0.400478515625,0.944140625,0.28203125,0.49521484375,0.0,0.11177004567188736,0.0705046776953514
v6_H20,43,90.7520325203252,91.671875,,0.09547928499213593,0.009547928499213593,1.0,0.396064453125,0.9484375,0.272578125,0.50697265625,0.01,0.10602520197528996,0.06875587506329847
v6_H20,44,91.0569105691057,91.96875,,0.0952651416416042,0.00952651416416042,1.0,0.39326171875,0.951328125,0.251484375,0.5207421875,0.0,0.11007691300802878,0.06550823923248991
v6_H20,45,91.5650406504065,91.5546875,,0.09504630861137212,0.00950463086113721,1.0,0.391611328125,0.949296875,0.218828125,0.528779296875,0.005,0.10976105921164679,0.06496241459226437
v6_H20,46,91.46341463414635,92.2265625,,0.09482280989894747,0.009482280989894745,1.0,0.390625,0.9496875,0.243203125,0.535859375,0.01,0.1035462490505621,0.06271790285601646
v6_H20,47,90.34552845528455,92.140625,,0.09459467001348269,0.009459467001348268,0.998359375,0.388173828125,0.949921875,0.282265625,0.543203125,0.005,0.10044328297676591,0.06051104634841389
v6_H20,48,92.07317073170732,92.359375,,0.09436191397308712,0.00943619139730871,1.0,0.390419921875,0.9484375,0.22984375,0.547958984375,0.0,0.10073114363088984,0.061069246236552126
v6_H20,49,92.27642276422765,92.453125,,0.09412456730208352,0.00941245673020835,1.0,0.388671875,0.947109375,0.2984375,0.5526171875,0.005,0.10427827293001411,0.06124300757201123
v6_H20,50,91.0569105691057,92.8046875,95.87850045167119,0.093882656028209,0.009388265602820899,1.0,0.387001953125,0.94984375,0.2775,0.55673828125,0.015,0.10074298324231776,0.06152992562383439
v6_H20,51,91.26016260162602,92.8515625,,0.09363620667976083,0.009363620667976082,1.0,0.38671875,0.952578125,0.234453125,0.560546875,0.0,0.1016001159595654,0.060092780862706
v6_H20,52,92.17479674796748,92.4765625,,0.09338524628268732,0.009338524628268731,1.0,0.3853125,0.9471875,0.24609375,0.5637890625,0.015,0.0996523042715554,0.0610782881729133
v6_H20,53,91.869918699187,93.0234375,,0.09312980235762407,0.009312980235762405,1.0,0.384765625,0.953203125,0.286171875,0.569267578125,0.0,0.0966873966779501,0.059861863895458514
v6_H20,54,91.66666666666667,92.5390625,,0.09286990291687604,0.009286990291687601,1.0,0.383828125,0.950625,0.25578125,0.571357421875,0.015,0.09524514396844268,0.06030804000018374
v6_H20,55,90.95528455284553,93.140625,,0.09260557646134572,0.009260557646134569,1.0,0.381708984375,0.94640625,0.27609375,0.571923828125,0.015,0.09750085835152408,0.057678226257922065
v6_H20,56,91.46341463414635,92.7890625,,0.09233685197740765,0.009233685197740761,1.0,0.380859375,0.95515625,0.2084375,0.57421875,0.0,0.0896564423550594,0.05653201789054308
v6_H20,57,91.66666666666667,93.046875,,0.09206375893372974,0.00920637589337297,1.0,0.380859375,0.954609375,0.195390625,0.575126953125,0.005,0.09180220001637104,0.05660341459376043
v6_H20,58,91.76829268292683,92.8984375,,0.0917863272780417,0.009178632727804165,1.0,0.38263671875,0.939921875,0.335703125,0.576171875,0.005,0.09502778263258747,0.05697416105321349
v6_H20,59,90.65040650406505,92.8359375,,0.09150458743385097,0.009150458743385092,1.0,0.3828125,0.945703125,0.243828125,0.576171875,0.0,0.09552793994207756,0.056165070399476096
v6_H20,60,92.47967479674797,92.6875,95.9349593495935,0.09121857029710634,0.009121857029710629,0.991796875,0.380126953125,0.93171875,0.445,0.576171875,0.02,0.09742756540673436,0.05789239836254344
v6_H20,61,92.07317073170732,92.484375,,0.09092830723281002,0.009092830723280997,0.99984375,0.375,0.92234375,0.400234375,0.57640625,0.0,0.09801828787639918,0.057552637792231943
v6_H20,62,91.869918699187,93.0234375,,0.09063383007157795,0.009063383007157791,1.0,0.375,0.9409375,0.262734375,0.578125,0.015,0.08919200536417524,0.05786281718935018
v6_H20,63,92.3780487804878,92.8828125,,0.09033517110614933,0.009033517110614928,1.0,0.375,0.945546875,0.227578125,0.578125,0.005,0.09446973765230388,0.05835160782437265
v6_H20,64,91.76829268292683,92.8046875,,0.09003236308784529,0.009003236308784524,1.0,0.375,0.94015625,0.285078125,0.578125,0.015,0.09024677886893936,0.057846033629738586
v6_H20,65,90.54878048780488,93.2109375,,0.0897254392229774,0.008972543922297734,1.0,0.375,0.94421875,0.2359375,0.578125,0.005,0.08699074365594106,0.055496575101034125
v6_H20,66,92.07317073170732,93.2265625,,0.08941443316920614,0.008941443316920606,1.0,0.375,0.949375,0.222890625,0.578125,0.005,0.08563318584906254,0.054959689612365366
v6_H20,67,92.07317073170732,93.75,,0.08909937903185,0.008909937903184994,1.0,0.375,0.946484375,0.259296875,0.580859375,0.0,0.08480173958741442,0.054701049308024885
v6_H20,68,91.66666666666667,93.28125,,0.08878031136014553,0.008878031136014547,1.0,0.375,0.94828125,0.246796875,0.581767578125,0.01,0.08253684652562938,0.05584363489738827
v6_H20,69,91.46341463414635,93.015625,,0.08845726514345843,0.008845726514345838,0.999609375,0.375,0.93859375,0.19890625,0.582705078125,0.04,0.09052932472529983,0.05765162918525591
v6_H20,70,92.17479674796748,93.8125,96.55600722673893,0.08813027580744683,0.008813027580744679,1.0,0.375,0.9471875,0.261171875,0.583359375,0.01,0.08399161594481126,0.05572094558528746
v6_H20,71,91.97154471544715,93.828125,,0.08779937921017623,0.00877993792101762,1.0,0.375,0.947421875,0.24078125,0.586796875,0.005,0.08531220301220364,0.05541658136726926
v6_H20,72,91.97154471544715,93.46875,,0.08746461163818738,0.008746461163818735,1.0,0.37349609375,0.94921875,0.234453125,0.588486328125,0.01,0.08278102991088701,0.05611656624752972
v6_H20,73,91.26016260162602,93.609375,,0.08712600980251704,0.008712600980251702,1.0,0.37109375,0.94390625,0.228125,0.590361328125,0.015,0.08124073092595592,0.054425617618868674
v6_H20,74,91.97154471544715,94.0,,0.0867836108346722,0.008678361083467217,1.0,0.37109375,0.94671875,0.2903125,0.59169921875,0.005,0.08143810131877326,0.053953225725587056
v6_H20,75,90.95528455284553,93.390625,,0.08643745228255816,0.008643745228255813,1.0,0.37109375,0.943359375,0.273515625,0.59564453125,0.015,0.08131586980397587,0.05457967973588554
v6_H20,76,91.76829268292683,94.0234375,,0.086087572106361,0.008608757210636099,1.0,0.37103515625,0.945234375,0.258984375,0.59708984375,0.015,0.08560086066424658,0.05703215930534845
v6_H20,77,92.27642276422765,93.296875,,0.08573400867438487,0.008573400867438486,1.0,0.369140625,0.944609375,0.242109375,0.599794921875,0.025,0.08500346846995645,0.05527144158526576
v6_H20,78,90.54878048780488,93.2421875,,0.08537680075884432,0.008537680075884431,1.0,0.369140625,0.927578125,0.736328125,0.6001171875,0.03,0.0865322393995645,0.05479271814346932
v6_H20,79,92.47967479674797,93.5625,,0.08501598753161271,0.00850159875316127,1.0,0.36962890625,0.93375,0.27796875,0.60109375,0.02,0.0825214764467101,0.05268551034551454
v6_H20,80,91.5650406504065,93.5546875,96.05916892502259,0.08465160855992639,0.008465160855992637,1.0,0.37109375,0.945859375,0.312734375,0.6025,0.02,0.08220638554823127,0.05207124633597433
v6_H20,81,92.58130081300813,93.9296875,,0.08428370380204576,0.008428370380204575,1.0,0.37109375,0.951640625,0.267734375,0.603515625,0.01,0.07561286389653075,0.051069030258321275
v6_H20,82,91.66666666666667,94.109375,,0.08391231360287346,0.008391231360287346,1.0,0.37109375,0.9478125,0.25140625,0.604150390625,0.005,0.07513581790816856,0.053333656970565545
v6_H20,83,91.97154471544715,93.984375,,0.08353747868953001,0.008353747868953001,1.0,0.37109375,0.945234375,0.29328125,0.605703125,0.025,0.07840122498966336,0.053395281288326074
v6_H20,84,91.97154471544715,94.5234375,,0.08315924016688765,0.008315924016688766,1.0,0.37109375,0.94875,0.30015625,0.607236328125,0.01,0.07702075763481148,0.05199911776469433
v6_H20,85,91.97154471544715,94.078125,,0.08277763951306276,0.008277763951306276,1.0,0.37109375,0.948828125,0.242265625,0.607421875,0.02,0.07707966549295775,0.05390116808644705
v6_H20,86,91.97154471544715,94.0234375,,0.08239271857486727,0.008239271857486727,0.99984375,0.37109375,0.943671875,0.245234375,0.607421875,0.015,0.0816417051234865,0.051720435043927065
v6_H20,87,92.98780487804878,94.609375,,0.08200451956321973,0.008200451956321974,1.0,0.3708984375,0.9409375,0.30359375,0.60888671875,0.01,0.08082175625633889,0.05150810276596374
v6_H20,88,92.88617886178862,94.3515625,,0.08161308504851637,0.008161308504851637,0.99984375,0.369140625,0.934140625,0.23484375,0.610634765625,0.015,0.07913925873974119,0.05140784519033745
v6_H20,89,92.58130081300813,93.890625,,0.0812184579559628,0.008121845795596279,0.9978125,0.368447265625,0.932421875,0.258828125,0.61130859375,0.05,0.08285125498042517,0.05446800050817735
v6_H20,90,92.98780487804878,94.2421875,97.21093044263776,0.08082068156086673,0.008082068156086673,1.0,0.3671875,0.941640625,0.2503125,0.61328125,0.015,0.07448834636562492,0.05352242927701841
v6_H20,91,91.97154471544715,94.4453125,,0.08041979948389245,0.008041979948389245,1.0,0.3671875,0.9478125,0.267890625,0.61328125,0.04,0.0743123172477292,0.05339728413537616
v6_H20,92,91.76829268292683,94.234375,,0.08001585568627723,0.008001585568627722,0.9996875,0.3671875,0.944296875,0.2271875,0.61328125,0.035,0.07851938292943383,0.05531434618511083
v6_H20,93,91.869918699187,94.328125,,0.0796088944650105,0.007960889446501048,1.0,0.3671875,0.9521875,0.185078125,0.61380859375,0.025,0.07689865858717926,0.05341484460913093
v6_H20,94,91.97154471544715,94.3125,,0.0791989604479762,0.007919896044797618,1.0,0.3671875,0.948359375,0.220546875,0.614833984375,0.025,0.0790727354743594,0.05131705454590054
v6_H20,95,91.66666666666667,94.4296875,,0.07878609858905883,0.00787860985890588,0.999609375,0.3671875,0.9434375,0.267890625,0.615234375,0.035,0.07723703829530226,0.05074097457139079
v6_H20,96,91.5650406504065,94.4375,,0.07837035416321377,0.007837035416321374,1.0,0.3671875,0.944296875,0.174375,0.615234375,0.025,0.07597246451977933,0.05030464639743038
v6_H20,97,92.17479674796748,94.1015625,,0.07795177276150232,0.007795177276150228,1.0,0.3671875,0.949609375,0.18984375,0.615234375,0.03,0.07758650489128556,0.05180184143795346
v6_H20,98,92.88617886178862,94.8671875,,0.07753040028609218,0.007753040028609213,1.0,0.3671875,0.94609375,0.23078125,0.616181640625,0.03,0.07347300969043992,0.049495653954309736
v6_H20,99,94.3089430894309,94.828125,,0.07710628294522368,0.007710628294522362,0.9996875,0.3671875,0.944140625,0.233984375,0.61763671875,0.005,0.07195341177653744,0.05113068555710914
v6_H20,100,91.76829268292683,94.2734375,97.13188798554653,0.07667946724814263,0.007667946724814257,1.0,0.3671875,0.946484375,0.26171875,0.619140625,0.015,0.07532998686963241,0.048384603081516236
v6_H20,101,91.36178861788618,94.5,,0.07625,0.007624999999999993,0.99828125,0.3671875,0.945078125,0.24625,0.61982421875,0.04,0.07471304161722726,0.04786965788500066
v6_H20,102,89.83739837398375,94.71875,,0.07581792829671918,0.007581792829671911,1.0,0.3671875,0.946328125,0.239375,0.62205078125,0.025,0.07472617575958444,0.048479213140485644
v6_H20,103,92.58130081300813,94.4140625,,0.07538329951983147,0.00753832995198314,1.0,0.3671875,0.949140625,0.23234375,0.622705078125,0.025,0.07484204723741679,0.04712474498241065
v6_H20,104,91.76829268292683,94.921875,,0.07494616133128007,0.007494616133127999,0.999609375,0.3671875,0.94140625,0.2409375,0.624765625,0.045,0.07377038874167398,0.0509089125255675
v6_H20,105,91.5650406504065,94.8828125,,0.07450656166819344,0.007450656166819336,0.99984375,0.365966796875,0.94515625,0.256484375,0.6251171875,0.02,0.07134342937820279,0.050757565220368506
v6_H20,106,93.08943089430895,94.7265625,,0.07406454873762848,0.00740645487376284,1.0,0.365234375,0.95203125,0.27671875,0.625927734375,0.025,0.0714303653613115,0.0507238025296235
v6_H20,107,92.47967479674797,94.9453125,,0.07362017101128406,0.0073620171011283975,1.0,0.365234375,0.94890625,0.263828125,0.626923828125,0.035,0.06968411896683556,0.049818681804658795
v6_H20,108,91.0569105691057,94.953125,,0.07317347722018556,0.0073173477220185475,0.999921875,0.365234375,0.948203125,0.255078125,0.626953125,0.055,0.06933746641478739,0.049193218144123016
v6_H20,109,91.0569105691057,94.5,,0.07272451634934095,0.007272451634934085,1.0,0.365234375,0.94875,0.23078125,0.626953125,0.05,0.07243574539737091,0.04933405802228526
v6_H20,110,91.5650406504065,94.921875,96.90605239385727,0.07227333763236905,0.007227333763236896,1.0,0.365234375,0.94984375,0.2184375,0.627744140625,0.02,0.06951319419813112,0.05011043089491911
v6_H20,111,93.08943089430895,94.875,,0.0718199905461005,0.00718199905461004,1.0,0.365234375,0.948203125,0.18390625,0.62890625,0.035,0.06882659109286314,0.05072911613596589
v6_H20,112,92.3780487804878,94.6953125,,0.07136452480515207,0.007136452480515197,1.0,0.365234375,0.946953125,0.225546875,0.62890625,0.06,0.0677120534487874,0.047020177766725124
v6_H20,113,92.3780487804878,95.2265625,,0.07090699035647488,0.007090699035647479,1.0,0.365234375,0.946640625,0.26828125,0.62890625,0.02,0.06941348236993312,0.05025563068254303
v6_H20,114,92.98780487804878,95.640625,,0.07044743737387718,0.007044743737387709,0.9996875,0.365234375,0.935625,0.373203125,0.62890625,0.02,0.07066398314471693,0.04947603301975536
v6_H20,115,92.27642276422765,94.8046875,,0.0699859162525222,0.006998591625252211,0.998359375,0.365234375,0.9425,0.246796875,0.629482421875,0.025,0.07171249539719457,0.04711251332667603
v6_H20,116,91.15853658536585,95.2578125,,0.06952247760340174,0.006952247760340164,0.99984375,0.365234375,0.948046875,0.2428125,0.62896484375,0.045,0.06931942695856658,0.045673844768632156
v6_H20,117,92.47967479674797,95.3203125,,0.06905717224778622,0.006905717224778611,1.0,0.365234375,0.949140625,0.2403125,0.62890625,0.05,0.06773404233613073,0.04390256450656038
v6_H20,118,91.76829268292683,95.3515625,,0.06859005121165135,0.006859005121165123,1.0,0.365234375,0.945703125,0.212890625,0.629970703125,0.03,0.06817033086053878,0.0460433544057863
v6_H20,119,91.869918699187,95.2734375,,0.0681211657200827,0.006812116572008257,0.999375,0.365234375,0.9496875,0.2484375,0.630859375,0.07,0.07135595963277959,0.04691338436642194
v6_H20,120,92.47967479674797,95.3671875,96.93992773261066,0.06765056719165832,0.006765056719165819,1.0,0.365234375,0.9425,0.17328125,0.630859375,0.035,0.06666321318351495,0.04506788183902896
v6_H20,121,92.3780487804878,95.71875,,0.06717830723281,0.0067178307232809865,0.998203125,0.366396484375,0.940625,0.205859375,0.630859375,0.04,0.06794303976647185,0.04483342889035059
v6_H20,122,91.36178861788618,95.265625,,0.06670443763216412,0.006670443763216398,1.0,0.3671875,0.945546875,0.2609375,0.630859375,0.04,0.06574059979882212,0.045984805716061686
v6_H20,123,92.17479674796748,95.578125,,0.06622901035486241,0.0066229010354862256,0.997890625,0.366787109375,0.941015625,0.273671875,0.630859375,0.085,0.06987779255423791,0.044978184115816305
v6_H20,124,93.29268292682927,95.3671875,,0.06575207753686341,0.006575207753686325,1.0,0.365234375,0.944765625,0.275234375,0.630859375,0.07,0.06978087705692675,0.04478487065548809
v6_H20,125,92.07317073170732,95.5390625,,0.06527369147922513,0.006527369147922497,1.0,0.365234375,0.953828125,0.231171875,0.630859375,0.04,0.06668957811548626,0.04463921094913122
v6_H20,126,91.36178861788618,95.6328125,,0.06479390464236975,0.0064793904642369594,0.999921875,0.365234375,0.946484375,0.233828125,0.630859375,0.08,0.0663186731241709,0.04353969914304209
v6_H20,127,92.78455284552845,95.7734375,,0.0643127696403306,0.006431276964033044,1.0,0.365234375,0.9471875,0.195390625,0.630859375,0.055,0.0670319405304844,0.04447751659472849
v6_H20,128,92.07317073170732,95.5390625,,0.0638303392349826,0.006383033923498243,0.999921875,0.365234375,0.94796875,0.225,0.630859375,0.085,0.06795462468319248,0.044675834128251574
v6_H20,129,92.78455284552845,95.3046875,,0.06334666633025617,0.006334666633025598,1.0,0.365234375,0.948671875,0.284453125,0.630859375,0.07,0.06478366988173064,0.04478639752241812
v6_H20,130,91.36178861788618,95.6171875,97.53839205058718,0.0628618039663358,0.006286180396633562,0.999921875,0.365234375,0.943359375,0.257265625,0.630859375,0.045,0.0652437655870134,0.04483212671647478
v6_H20,131,93.1910569105691,95.5546875,,0.06237580531384358,0.0062375805313843406,1.0,0.365234375,0.943671875,0.2059375,0.630859375,0.04,0.06763351756766726,0.04443762094079682
v6_H20,132,91.869918699187,95.78125,,0.061888723668008495,0.006188872366800831,1.0,0.365234375,0.94734375,0.279296875,0.631435546875,0.06,0.0650691918256661,0.042826202509398455
v6_H20,133,92.17479674796748,96.046875,,0.061400612442821946,0.006140061244282175,0.9978125,0.365234375,0.941953125,0.239375,0.6328125,0.07,0.06743483129104497,0.045885926700852356
v6_H20,134,91.5650406504065,95.453125,,0.06091152516518023,0.006091152516518003,0.999921875,0.365234375,0.941015625,0.262421875,0.6328125,0.085,0.06532810001271189,0.04491010583224186
v6_H20,135,93.1910569105691,95.703125,,0.06042151546901488,0.006042151546901468,1.0,0.365234375,0.94828125,0.247734375,0.6328125,0.06,0.06376153843739506,0.04360540357183622
v6_H20,136,92.6829268292683,96.109375,,0.05993063708941099,0.005993063708941079,1.0,0.365234375,0.9515625,0.2484375,0.6328125,0.04,0.06459532811445963,0.043371604970686754
v6_H20,137,90.85365853658537,95.4765625,,0.059438943856714575,0.005943894385671437,1.0,0.365234375,0.94265625,0.221171875,0.6328125,0.12,0.06664364153002034,0.044623546433738816
v6_H20,138,92.88617886178862,95.78125,,0.058946489690629475,0.005894648969062928,0.999921875,0.365234375,0.94671875,0.234375,0.6328125,0.08,0.06575336016759645,0.04421829406516025
v6_H20,139,91.46341463414635,96.34375,,0.058453328594304466,0.005845332859430426,0.99984375,0.365234375,0.9440625,0.26203125,0.6328125,0.08,0.06625239621127793,0.045195944664107875
v6_H20,140,92.47967479674797,96.265625,97.78681120144535,0.05795951464841118,0.005795951464841097,1.0,0.365234375,0.946640625,0.219921875,0.6328125,0.025,0.06458855332748642,0.043349215739228474
v6_H20,141,92.47967479674797,95.875,,0.05746510200521356,0.0057465102005213355,1.0,0.365234375,0.94546875,0.252109375,0.6328125,0.095,0.060895138458642785,0.043348368327160894
v6_H20,142,92.6829268292683,95.984375,,0.05697014488262945,0.005697014488262923,0.999921875,0.36654296875,0.941484375,0.260234375,0.6328125,0.045,0.06290619694530483,0.04113995358766496
v6_H20,143,92.6829268292683,95.8671875,,0.056474697558285,0.005647469755828478,0.999921875,0.3671875,0.9509375,0.2753125,0.6328125,0.07,0.06283963554674264,0.04349112299875699
v6_H20,144,92.47967479674797,96.0390625,,0.055978814363562515,0.00559788143635623,0.998125,0.3671875,0.942578125,0.20328125,0.6328125,0.055,0.06237945458060804,0.0430160025456536
v6_H20,145,91.36178861788618,96.0078125,,0.0554825496776424,0.0055482549677642184,1.0,0.3671875,0.915703125,0.50515625,0.6328125,0.13,0.06605976896032145,0.04244800590944291
v6_H20,146,92.3780487804878,95.953125,,0.054985957921539846,0.0054985957921539624,1.0,0.3671875,0.94625,0.238359375,0.6328125,0.05,0.06200391768778005,0.042805923915621456
v6_H20,147,93.1910569105691,96.3046875,,0.054489093552137,0.005448909355213678,0.999140625,0.3671875,0.9446875,0.285703125,0.6328125,0.09,0.06394657611913576,0.043249794666608395
v6_H20,148,92.27642276422765,96.4609375,,0.05399201105621109,0.005399201105621088,0.999921875,0.3671875,0.9521875,0.24984375,0.6328125,0.125,0.062066499148291404,0.04252344543257123
v6_H20,149,92.47967479674797,96.5546875,,0.05349476494445946,0.005349476494445924,0.99859375,0.3671875,0.942578125,0.2078125,0.6328125,0.1,0.06404516621582138,0.042904151467926484
v6_H20,150,92.88617886178862,96.1328125,98.05781391147245,0.05299740974552168,0.005299740974552146,0.999921875,0.3671875,0.946171875,0.238828125,0.6328125,0.075,0.059936923359215355,0.04320041703689529
v6_H20,151,93.1910569105691,96.4375,,0.052500000000000005,0.005249999999999979,0.999765625,0.3671875,0.946796875,0.24953125,0.6328125,0.085,0.0605346479350565,0.0424550526704033
v6_H20,152,92.6829268292683,96.28125,,0.052002590254478336,0.005200259025447811,0.999921875,0.3671875,0.94265625,0.213984375,0.6328125,0.105,0.05875768217734855,0.04289368470258143
v6_H20,153,91.66666666666667,96.2890625,,0.05150523505554057,0.005150523505554033,1.0,0.3671875,0.94359375,0.248125,0.6328125,0.105,0.059020999634666255,0.04428537008686604
v6_H20,154,93.39430894308943,96.765625,,0.05100798894378892,0.005100798894378868,1.0,0.3671875,0.9434375,0.259921875,0.6328125,0.08,0.06129075775781743,0.0424577176371765
v6_H20,155,92.3780487804878,96.2421875,,0.050510906447863026,0.005051090644786279,0.999765625,0.3671875,0.946171875,0.27375,0.6328125,0.13,0.06408723433635873,0.04297673417112986
v6_H20,156,93.59756097560975,96.5859375,,0.05001404207846018,0.005001404207845995,0.99984375,0.3671875,0.949453125,0.16953125,0.6328125,0.07,0.058151988972715625,0.04292586883617207
v6_H20,157,93.08943089430895,96.609375,,0.04951745032235764,0.004951745032235741,1.0,0.3671875,0.949140625,0.25015625,0.6328125,0.08,0.058604658455700766,0.04203091128981106
v6_H20,158,92.78455284552845,96.6171875,,0.049021185636437516,0.004902118563643728,0.99875,0.3671875,0.95078125,0.23671875,0.6328125,0.08,0.05776936846402663,0.04177432834038997
v6_H20,159,93.4959349593496,96.59375,,0.04852530244171502,0.004852530244171477,0.99984375,0.3671875,0.950859375,0.21078125,0.6328125,0.105,0.05788320813086911,0.04141445097950384
v6_H20,160,92.88617886178862,96.6953125,98.20460704607046,0.048029855117370575,0.004802985511737032,1.0,0.3671875,0.94609375,0.2409375,0.6328125,0.13,0.05806416198116389,0.04130861056198663
v6_H20,161,92.88617886178862,96.8828125,,0.047534897994786475,0.004753489799478622,1.0,0.3671875,0.953671875,0.220234375,0.6328125,0.075,0.05992386638362186,0.041491453879730744
v6_H20,162,91.66666666666667,96.53125,,0.04704048535158885,0.004704048535158859,1.0,0.3671875,0.95078125,0.24640625,0.6328125,0.11,0.058176231275133064,0.04155343738258485
v6_H20,163,92.78455284552845,96.7578125,,0.04654667140569556,0.0046546671405695295,1.0,0.3671875,0.94609375,0.247421875,0.6328125,0.1,0.055811751723446074,0.04207221333344703
v6_H20,164,92.98780487804878,96.6796875,,0.04605351030937055,0.004605351030937028,1.0,0.3671875,0.946484375,0.212421875,0.6328125,0.125,0.058087935522313165,0.04070415952308498
v6_H20,165,93.1910569105691,97.0,,0.04556105614328547,0.00455610561432852,1.0,0.3671875,0.946640625,0.251484375,0.6328125,0.075,0.05573405639233265,0.04162451860608147
v6_H20,166,93.1910569105691,96.65625,,0.04506936291058905,0.004506936291058878,1.0,0.3671875,0.94703125,0.2425,0.6328125,0.095,0.057516497678801286,0.04090965052676012
v6_H20,167,92.88617886178862,96.9296875,,0.04457848453098514,0.004457848453098486,1.0,0.3671875,0.947890625,0.198671875,0.6328125,0.105,0.05659472196484759,0.04120613834075508
v6_H20,168,92.88617886178862,97.109375,,0.0440884748348198,0.004408847483481953,0.999921875,0.3671875,0.951171875,0.251015625,0.6328125,0.145,0.05862616101498266,0.04144369423024346
v6_H20,169,92.07317073170732,96.9296875,,0.043599387557178085,0.004359938755717781,1.0,0.3671875,0.95171875,0.226875,0.6328125,0.11,0.05388895855539532,0.041236382705009504
v6_H20,170,91.46341463414635,96.96875,98.34010840108401,0.04311127633199151,0.004311127633199123,1.0,0.3671875,0.951171875,0.224609375,0.6328125,0.125,0.05597679978053847,0.041790359080186794
v6_H20,171,92.78455284552845,96.890625,,0.04262419468615643,0.004262419468615615,0.99984375,0.3671875,0.942109375,0.26984375,0.6328125,0.125,0.056873100649503384,0.0406703715309531
v6_H20,172,93.1910569105691,96.9609375,,0.04213819603366423,0.004213819603366396,1.0,0.3671875,0.947578125,0.2059375,0.6328125,0.195,0.05876829111522893,0.041398896107598865
v6_H20,173,91.869918699187,97.3828125,,0.04165333366974386,0.004165333366974359,1.0,0.3671875,0.945625,0.195234375,0.6328125,0.13,0.05589415600702283,0.040660090278777025
v6_H20,174,92.07317073170732,97.03125,,0.041169660765017414,0.004116966076501715,0.998671875,0.3671875,0.94421875,0.26046875,0.6328125,0.1,0.05527958501846316,0.039313664156063126
v6_H20,175,92.27642276422765,97.3359375,,0.0406872303596694,0.004068723035966915,0.999921875,0.3671875,0.94890625,0.28328125,0.6328125,0.135,0.05421647089802789,0.03946090891554041
v6_H20,176,92.6829268292683,97.140625,,0.04020609535763027,0.004020609535763002,1.0,0.3671875,0.945,0.21140625,0.6328125,0.14,0.05432268256445941,0.04009117347207959
v6_H20,177,92.6829268292683,97.21875,,0.03972630852077489,0.003972630852077465,1.0,0.3671875,0.950859375,0.21875,0.6328125,0.115,0.05280162452073661,0.03962604211742486
v6_H20,178,91.26016260162602,97.3984375,,0.0392479224631366,0.003924792246313636,0.99984375,0.3671875,0.948828125,0.218828125,0.6328125,0.135,0.05335042619847261,0.03992038305661916
v6_H20,179,92.3780487804878,97.0234375,,0.03877098964513759,0.0038770989645137348,0.9996875,0.3671875,0.945546875,0.3003125,0.6328125,0.13,0.054825682205130295,0.04063083682599231
v6_H20,180,92.17479674796748,97.3515625,98.78048780487805,0.038295562367835885,0.0038295562367835646,0.997734375,0.3671875,0.947734375,0.205234375,0.6328125,0.135,0.05425852443204489,0.03966204478359569
v6_H20,181,92.47967479674797,97.34375,,0.037821692767189996,0.003782169276718976,0.998125,0.3671875,0.9371875,0.200078125,0.6328125,0.2,0.056648637103208256,0.039575062216561596
v6_H20,182,91.26016260162602,97.3046875,,0.03734943280834167,0.003734943280834144,0.999921875,0.3671875,0.94640625,0.26828125,0.6328125,0.115,0.051718220329021916,0.040068023549236866
v6_H20,183,92.47967479674797,97.359375,,0.03687883427991729,0.003687883427991706,0.999921875,0.3671875,0.948203125,0.2815625,0.6328125,0.145,0.052558433948251604,0.039384114620803
v6_H20,184,92.98780487804878,97.625,,0.036409948788348655,0.003640994878834843,1.0,0.3671875,0.9540625,0.253046875,0.6328125,0.1,0.05112163970281797,0.04006437242217225
v6_H20,185,92.47967479674797,97.2421875,,0.03594282775221378,0.0035942827752213557,0.999921875,0.3671875,0.945,0.27734375,0.6328125,0.185,0.05398412462094202,0.0398875368633315
v6_H20,186,92.3780487804878,97.3828125,,0.03547752239659824,0.0035477522396598024,1.0,0.3671875,0.948046875,0.266015625,0.6328125,0.145,0.052531624743217896,0.039731944203892935
v6_H20,187,92.78455284552845,97.515625,,0.035014083747477796,0.003501408374747759,0.9984375,0.3671875,0.945390625,0.2715625,0.6328125,0.11,0.05414306705012119,0.03968153731784718
v6_H20,188,92.98780487804878,97.5,,0.034552562626122794,0.003455256262612259,0.99984375,0.3671875,0.94796875,0.208203125,0.6328125,0.16,0.050397399976181076,0.040211068408588534
v6_H20,189,92.47967479674797,97.7109375,,0.034093009643525095,0.00340930096435249,0.99984375,0.3671875,0.95140625,0.2146875,0.6328125,0.135,0.0499249378661042,0.03983529147195857
v6_H20,190,92.6829268292683,97.75,98.32881662149954,0.0336354751948479,0.0033635475194847705,0.999921875,0.3671875,0.9475,0.219296875,0.6328125,0.135,0.04926016547981942,0.03906754167898985
v6_H20,191,93.1910569105691,97.78125,,0.03318000945389947,0.003318000945389928,0.999765625,0.3671875,0.948125,0.2515625,0.6328125,0.16,0.04867363407029034,0.03939990172807241
v6_H20,192,92.78455284552845,97.5,,0.03272666236763093,0.003272666236763075,0.997734375,0.3671875,0.94484375,0.188671875,0.6328125,0.17,0.051608040201005026,0.038862620359924736
v6_H20,193,91.66666666666667,97.7265625,,0.03227548365065903,0.003227548365065885,0.9996875,0.3671875,0.946484375,0.21921875,0.6328125,0.16,0.04959992227240388,0.03896032615964707
v6_H20,194,93.08943089430895,97.671875,,0.031826522779814424,0.003182652277981425,0.999921875,0.3671875,0.945625,0.226640625,0.6328125,0.2,0.052193195530551156,0.03846996201122558
v6_H20,195,93.08943089430895,97.515625,,0.03137982898871593,0.0031379828988715762,0.999921875,0.3671875,0.945078125,0.225,0.6328125,0.25,0.051605150644927295,0.03983248062011373
v6_H20,196,92.88617886178862,97.734375,,0.030935451262371502,0.003093545126237134,0.998671875,0.3671875,0.9503125,0.2575,0.6328125,0.17,0.050910009555924125,0.0392798219698423
v6_H20,197,92.6829268292683,97.9296875,,0.030493438331806552,0.0030493438331806394,0.9975,0.3671875,0.94375,0.225078125,0.6328125,0.145,0.04939964132377282,0.03940260328541547
v6_H20,198,91.97154471544715,98.0546875,,0.030053838668719916,0.003005383866871976,0.999921875,0.3671875,0.938828125,0.295703125,0.6328125,0.165,0.04966876524392632,0.040038645139355906
v6_H20,199,92.17479674796748,97.75,,0.029616700480168495,0.002961670048016834,1.0,0.3671875,0.943125,0.268125,0.6328125,0.175,0.0491893670013628,0.03920474590217226
v6_H20,200,92.3780487804878,98.0078125,98.84823848238483,0.029182071703280788,0.0029182071703280636,0.999921875,0.3671875,0.94796875,0.26890625,0.6328125,0.185,0.049134790884949514,0.038831365873909576
v6_H20,201,92.98780487804878,97.9140625,,0.028749999999999967,0.0028749999999999817,1.0,0.3671875,0.93984375,0.256328125,0.6328125,0.16,0.047543345811079614,0.03883813314789503
v6_H20,202,91.869918699187,98.0703125,,0.02832053275185734,0.0028320532751857194,0.999921875,0.3671875,0.937890625,0.286875,0.6328125,0.17,0.04744765064194433,0.03886358101890213
v6_H20,203,92.3780487804878,98.1796875,,0.0278937170547763,0.0027893717054776157,0.999921875,0.3671875,0.94046875,0.200078125,0.6328125,0.125,0.049389561931973046,0.03870006900355142
v6_H20,204,91.869918699187,97.6328125,,0.027469599713907795,0.0027469599713907653,1.0,0.3671875,0.94703125,0.24390625,0.6328125,0.215,0.049129670756498885,0.0394077618684756
v6_H20,205,92.47967479674797,98.09375,,0.02704822723849765,0.002704822723849751,1.0,0.3671875,0.948515625,0.251875,0.6328125,0.14,0.047279835352272835,0.03818518589567334
v6_H20,206,92.6829268292683,98.0625,,0.02662964583678621,0.002662964583678607,0.999921875,0.3671875,0.93921875,0.203203125,0.6328125,0.185,0.04689132358584395,0.03888535125183506
v6_H20,207,91.46341463414635,97.984375,,0.02621390141094114,0.0026213901410941003,0.99984375,0.3671875,0.944609375,0.200859375,0.6328125,0.22,0.04750670846041421,0.038961807102314505
v6_H20,208,92.27642276422765,98.015625,,0.02580103955202379,0.0025801039552023654,0.999921875,0.3671875,0.93140625,0.23390625,0.6328125,0.205,0.047335758076996574,0.03875940903331142
v6_H20,209,92.47967479674797,98.140625,,0.02539110553498948,0.002539110553498935,0.99984375,0.3671875,0.939453125,0.198828125,0.6328125,0.135,0.0460541773309817,0.03868402178697066
v6_H20,210,91.97154471544715,98.2421875,98.09168925022584,0.02498414431372273,0.0024984144313722604,1.0,0.3671875,0.92640625,0.238203125,0.6328125,0.16,0.04599294078590913,0.038951959480882106
v6_H20,211,92.17479674796748,98.2421875,,0.024580200516107514,0.0024580200516107387,1.0,0.3671875,0.9415625,0.224375,0.6328125,0.21,0.04728959434742302,0.039105520108532896
v6_H20,212,91.97154471544715,98.234375,,0.024179318439133225,0.00241793184391331,0.999765625,0.3671875,0.93515625,0.246328125,0.6328125,0.185,0.047826148261529616,0.038212165357813105
v6_H20,213,92.6829268292683,98.2734375,,0.02378154204403718,0.0023781542044037053,1.0,0.3671875,0.93265625,0.17796875,0.6328125,0.165,0.04695293743627972,0.038014416119455156
v6_H20,214,92.07317073170732,98.265625,,0.023386914951483612,0.002338691495148349,0.99875,0.3671875,0.939140625,0.221171875,0.6328125,0.205,0.047504634407219325,0.03904971547841137
v6_H20,215,92.3780487804878,98.15625,,0.022995480436780246,0.002299548043678013,0.998671875,0.3671875,0.933984375,0.243828125,0.6328125,0.215,0.04809898663856044,0.03844813530060585
v6_H20,216,92.88617886178862,98.4140625,,0.022607281425132714,0.00226072814251326,1.0,0.3671875,0.938125,0.19171875,0.6328125,0.195,0.044506036548127965,0.03849879786172852
v6_H20,217,93.29268292682927,98.0234375,,0.02222236048693722,0.0022222360486937112,0.999921875,0.3671875,0.930703125,0.21359375,0.6328125,0.18,0.04670431198637001,0.03835523591970881
v6_H20,218,92.6829268292683,98.4140625,,0.021840759833112337,0.0021840759833112234,0.99984375,0.37681640625,0.928125,0.228046875,0.6328125,0.23,0.045385210497796515,0.04065120022849131
v6_H20,219,92.6829268292683,98.4296875,,0.021462521310469985,0.0021462521310469888,1.0,0.504912109375,0.916640625,0.205546875,0.6328125,0.205,0.04528446689377031,0.047374484128215474
v6_H20,220,92.58130081300813,98.3046875,98.9724480578139,0.021087686397126507,0.0021087686397126414,0.999921875,0.611484375,0.92296875,0.232890625,0.6328125,0.175,0.04530645489716962,0.036378581373336355
v6_H20,221,93.1910569105691,98.484375,,0.020716296197954214,0.0020716296197954122,1.0,0.6587109375,0.927109375,0.23453125,0.6328125,0.175,0.04408239319183584,0.03180399159264261
v6_H20,222,92.88617886178862,98.4296875,,0.0203483914400736,0.0020348391440073513,1.0,0.67197265625,0.924140625,0.268359375,0.6328125,0.2,0.04539205431576047,0.02912068399434472
v6_H20,223,92.98780487804878,98.5546875,,0.019984012468387265,0.001998401246838718,0.99984375,0.679599609375,0.91984375,0.18140625,0.6328125,0.195,0.04723336471155789,0.028317999865204502
v6_H20,224,92.27642276422765,98.6484375,,0.019623199241155662,0.001962319924115558,1.0,0.677685546875,0.922734375,0.240703125,0.6328125,0.185,0.045342736221736145,0.028359249707675314
v6_H20,225,93.08943089430895,98.5546875,,0.019265991325615114,0.0019265991325615036,1.0,0.67775390625,0.92328125,0.22859375,0.6328125,0.205,0.04299842967430224,0.028308976649585506
v6_H20,226,93.08943089430895,98.4375,,0.018912427893638974,0.0018912427893638898,0.999921875,0.68818359375,0.929140625,0.21234375,0.6328125,0.22,0.04598001753946379,0.02965545804475484
v6_H20,227,92.47967479674797,98.5703125,,0.01856254771744183,0.0018562547717441756,0.999921875,0.724619140625,0.925390625,0.2278125,0.6328125,0.175,0.043043159013731916,0.029241581350917346
v6_H20,228,92.07317073170732,98.6328125,,0.018216389165327775,0.0018216389165327705,0.999765625,0.740244140625,0.92234375,0.246953125,0.6328125,0.205,0.04408388278961958,0.02790257606584202
v6_H20,229,91.26016260162602,98.65625,,0.01787399019748294,0.001787399019748287,0.996015625,0.752783203125,0.905390625,0.257734375,0.6328125,0.27,0.048034227276157894,0.028249288410551677
v6_H20,230,92.27642276422765,98.6875,98.8256549232159,0.017535388361812614,0.0017535388361812547,0.999921875,0.759462890625,0.904609375,0.212578125,0.6328125,0.165,0.04556722567349387,0.02640157520703719
v6_H20,231,92.6829268292683,98.8828125,,0.017200620789823748,0.0017200620789823682,0.9996875,0.771796875,0.9078125,0.215546875,0.6328125,0.135,0.04367703396493558,0.027030564395911897
v6_H20,232,92.78455284552845,98.6640625,,0.01686972419255315,0.0016869724192553085,0.995625,0.770986328125,0.9034375,0.26671875,0.6328125,0.23,0.04567723954835493,0.02706237360689889
v6_H20,233,92.78455284552845,98.6484375,,0.016542734856541556,0.0016542734856541494,1.0,0.773349609375,0.9196875,0.26828125,0.6328125,0.185,0.04369164584546599,0.027607427184613467
v6_H20,234,92.6829268292683,99.0,,0.016219688639854474,0.0016219688639854415,1.0,0.776689453125,0.925234375,0.18859375,0.6328125,0.15,0.0425851679877013,0.027422978019427224
v6_H20,235,92.6829268292683,98.578125,,0.015900620968149995,0.001590062096814994,0.99984375,0.786845703125,0.9215625,0.20890625,0.6328125,0.19,0.042022280153753415,0.026965756588758903
v6_H20,236,92.98780487804878,98.875,,0.01558556683079386,0.0015585566830793808,1.0,0.794716796875,0.919140625,0.267265625,0.6328125,0.19,0.04368270943625418,0.026998287328323323
v6_H20,237,93.39430894308943,98.7890625,,0.015274560777022592,0.001527456077702254,1.0,0.793935546875,0.91859375,0.2540625,0.6328125,0.2,0.04405624948144716,0.027807297812964017
v6_H20,238,93.08943089430895,98.921875,,0.014967636912154695,0.0014967636912154646,1.0,0.791552734375,0.918828125,0.20578125,0.6328125,0.205,0.04349146466504387,0.0274513469722059
v6_H20,239,92.98780487804878,98.90625,,0.014664828893850658,0.001466482889385061,1.0,0.789384765625,0.92015625,0.194765625,0.6328125,0.215,0.04331979622317758,0.0281912885880275
v6_H20,240,91.36178861788618,99.0390625,99.05149051490515,0.014366169928422049,0.0014366169928422003,0.998203125,0.795888671875,0.912265625,0.18140625,0.6328125,0.18,0.043421663467208695,0.02900098508112469
v6_H20,241,93.4959349593496,99.0078125,,0.014071692767189982,0.0014071692767189939,1.0,0.79587890625,0.92125,0.252109375,0.6328125,0.205,0.04015081794789926,0.027492102034531646
v6_H20,242,92.6829268292683,98.90625,,0.01378142970289365,0.0013781429702893607,1.0,0.805615234375,0.918125,0.216875,0.6328125,0.26,0.04417564421509794,0.028487937643906856
v6_H20,243,92.78455284552845,99.0703125,,0.01349541256614904,0.0013495412566148998,0.997578125,0.80888671875,0.909609375,0.2271875,0.6328125,0.19,0.04258985489505551,0.02851896165849654
v6_H20,244,92.78455284552845,99.0,,0.013213672721958288,0.0013213672721958248,0.99984375,0.80400390625,0.910703125,0.200546875,0.6328125,0.195,0.04454740177995453,0.02867163228000936
v6_H20,245,92.47967479674797,98.8828125,,0.012936241066270258,0.001293624106627022,1.0,0.8055078125,0.9159375,0.2096875,0.6328125,0.22,0.04089346756320198,0.02862102118567039
v6_H20,246,92.78455284552845,99.0859375,,0.012663148022592344,0.001266314802259231,0.9975,0.815400390625,0.901796875,0.1853125,0.6328125,0.165,0.04164907815263325,0.027322459470288694
v6_H20,247,92.98780487804878,99.09375,,0.012394423538654265,0.0012394423538654234,0.999921875,0.82623046875,0.897890625,0.232421875,0.6328125,0.2,0.04115427296048132,0.026363735872677707
v6_H20,248,92.6829268292683,99.0234375,,0.012130097083123953,0.0012130097083123924,0.99984375,0.830361328125,0.895234375,0.22171875,0.6328125,0.2,0.03913420482576412,0.025569724812166197
v6_H20,249,93.29268292682927,99.0390625,,0.011870197642375919,0.001187019764237589,1.0,0.835703125,0.908046875,0.235234375,0.6328125,0.255,0.04113857682592051,0.02561077441077441
v6_H20,250,92.07317073170732,99.015625,98.27235772357723,0.011614753717312666,0.0011614753717312637,0.998671875,0.84490234375,0.88859375,0.2125,0.6328125,0.265,0.04288003060059947,0.02563128291256301
v6_H20,251,92.6829268292683,98.984375,,0.011363793320239155,0.001136379332023913,1.0,0.8434375,0.888671875,0.201875,0.6328125,0.205,0.03810318170721784,0.024955809885959798
v6_H20,252,92.88617886178862,99.046875,,0.01111734397179098,0.0011117343971790955,1.0,0.849072265625,0.8875,0.190703125,0.6328125,0.17,0.03862932931084663,0.023655567450536704
v6_H20,253,92.6829268292683,99.15625,,0.010875432697916465,0.0010875432697916442,1.0,0.84603515625,0.8878125,0.2409375,0.6328125,0.175,0.04020037590043177,0.02307206675129023
v6_H20,254,92.78455284552845,99.0234375,,0.010638086026912859,0.0010638086026912835,0.999921875,0.841865234375,0.909765625,0.2209375,0.6328125,0.185,0.039952610269548654,0.023883352983285953
v6_H20,255,93.4959349593496,99.171875,,0.010405329986517288,0.0010405329986517262,1.0,0.8519921875,0.904453125,0.216328125,0.6328125,0.17,0.03952454731834045,0.024533597005022872
v6_H20,256,92.6829268292683,99.15625,,0.010177190101052518,0.0010177190101052494,1.0,0.855419921875,0.88828125,0.1471875,0.6328125,0.18,0.03963837902898884,0.023970876441104762
v6_H20,257,91.66666666666667,99.1328125,,0.009953691388627886,0.0009953691388627861,1.0,0.8627734375,0.884453125,0.1884375,0.6328125,0.19,0.03816252758086475,0.02450994405518884
v6_H20,258,92.78455284552845,99.109375,,0.009734858358395796,0.0009734858358395773,0.99953125,0.8656640625,0.8725,0.2675,0.6328125,0.265,0.04017098031847433,0.023747494718106044
v6_H20,259,92.07317073170732,99.203125,,0.00952071500786407,0.0009520715007864048,1.0,0.87490234375,0.8803125,0.210703125,0.6328125,0.22,0.039976776067455824,0.02296147113780686
v6_H20,260,92.3780487804878,99.296875,99.46928635953026,0.009311284820264235,0.0009311284820264214,1.0,0.872001953125,0.892578125,0.2140625,0.6328125,0.225,0.03853942677571512,0.023222776367536686
v6_H20,261,93.29268292682927,99.3125,,0.009106590761976455,0.0009106590761976435,1.0,0.87451171875,0.88890625,0.201953125,0.6328125,0.19,0.03964586036306043,0.022817108388594735
v6_H20,262,92.27642276422765,99.09375,,0.0089066552800109,0.0008906655280010879,0.9984375,0.87849609375,0.882265625,0.271796875,0.6328125,0.18,0.04056305794386664,0.022245477603241116
v6_H20,263,91.76829268292683,99.3828125,,0.008711500299546213,0.0008711500299546193,0.9975,0.87978515625,0.879765625,0.232109375,0.6328125,0.23,0.040271478304798096,0.02206126413450595
v6_H20,264,92.6829268292683,99.28125,,0.008521147221525244,0.0008521147221525224,1.0,0.88345703125,0.8803125,0.198359375,0.6328125,0.205,0.03763122029989188,0.021538030730130824
v6_H20,265,92.78455284552845,99.4453125,,0.008335616920308056,0.0008335616920308036,0.99984375,0.890185546875,0.897109375,0.1703125,0.6328125,0.18,0.03813756944987871,0.02109553063549096
v6_H20,266,92.78455284552845,99.3046875,,0.008154929741382912,0.0008154929741382893,0.99984375,0.89177734375,0.875,0.218046875,0.6328125,0.195,0.03887492605610659,0.021005775353750294
v6_H20,267,92.3780487804878,99.3984375,,0.00797910549913515,0.0007979105499135133,0.998203125,0.8962109375,0.85828125,0.149765625,0.6328125,0.165,0.0374510111302712,0.02005805993179028
v6_H20,268,93.08943089430895,99.265625,,0.007808163474674286,0.0007808163474674269,0.999921875,0.887353515625,0.8815625,0.20171875,0.6328125,0.23,0.037268344284639016,0.020407947202161884
v6_H20,269,91.97154471544715,99.296875,,0.007642122413719648,0.0007642122413719632,0.998359375,0.89240234375,0.90078125,0.22734375,0.6328125,0.22,0.03811798708188941,0.02031685530756764
v6_H20,270,92.3780487804878,99.1640625,99.55962059620596,0.007481000524544682,0.0007481000524544667,0.999921875,0.891748046875,0.866796875,0.223984375,0.6328125,0.245,0.03789051313069348,0.020009683308408105
v6_H20,271,93.29268292682927,99.390625,,0.007324815475980203,0.0007324815475980189,0.996171875,0.88947265625,0.869296875,0.201796875,0.6328125,0.15,0.039822925437659445,0.020481022957623853
v6_H20,272,92.6829268292683,99.4609375,,0.007173584395476848,0.0007173584395476834,1.0,0.896943359375,0.879296875,0.18859375,0.6328125,0.15,0.03751488344366509,0.020425260572266058
v6_H20,273,92.17479674796748,99.4375,,0.007027323867226803,0.000702732386722679,0.99734375,0.901884765625,0.868125,0.199921875,0.6328125,0.15,0.03829593597991527,0.020037329522113977
v6_H20,274,91.97154471544715,99.40625,,0.006886049930345202,0.000688604993034519,0.999921875,0.91271484375,0.86421875,0.205234375,0.6328125,0.175,0.03690913927179985,0.01989284952294772
v6_H20,275,92.58130081300813,99.40625,,0.006749778077111238,0.0006749778077111226,1.0,0.923232421875,0.870390625,0.224453125,0.6328125,0.175,0.0365124636447693,0.01946712775922625
v6_H20,276,92.58130081300813,99.3515625,,0.006618523251269253,0.0006618523251269242,0.999765625,0.921083984375,0.85375,0.207421875,0.6328125,0.19,0.03766462426931474,0.0195005100457012
v6_H20,277,92.98780487804878,99.390625,,0.006492299846390022,0.0006492299846390012,0.998984375,0.922333984375,0.868671875,0.234296875,0.6328125,0.195,0.03862787328190469,0.019633110139950654
v6_H20,278,92.3780487804878,99.4296875,,0.00637112170429229,0.000637112170429228,0.997890625,0.923232421875,0.87734375,0.20546875,0.6328125,0.17,0.03721054933890245,0.019412591930897557
v6_H20,279,92.27642276422765,99.34375,,0.006255002113524885,0.0006255002113524876,0.99984375,0.9194921875,0.85984375,0.275,0.6328125,0.21,0.037581466673969,0.019894698911551045
v6_H20,280,92.6829268292683,99.5234375,99.6386630532972,0.0061439538079095,0.0006143953807909492,0.99984375,0.93017578125,0.83171875,0.217265625,0.6328125,0.205,0.036820865417866985,0.01925031681984623
v6_H20,281,92.78455284552845,99.5078125,,0.006037988965144233,0.0006037988965144226,0.995,0.93625,0.8409375,0.173671875,0.6328125,0.195,0.03693896131873869,0.018928139789895434
v6_H20,282,92.98780487804878,99.5078125,,0.005937119205468215,0.0005937119205468209,0.999921875,0.932294921875,0.866640625,0.210703125,0.6328125,0.13,0.03769121367585556,0.019133094879913274
v6_H20,283,92.3780487804878,99.4375,,0.005841355590387289,0.0005841355590387283,0.999921875,0.926455078125,0.8528125,0.182890625,0.6328125,0.195,0.037413199062440346,0.019482771878324517
v6_H20,284,92.17479674796748,99.6015625,,0.005750708621461009,0.0005750708621461004,0.999921875,0.924228515625,0.861015625,0.1915625,0.6328125,0.17,0.037924592072403625,0.019500168033700763
v6_H20,285,92.6829268292683,99.5234375,,0.005665188239151011,0.0005665188239151008,0.999765625,0.9299609375,0.857890625,0.2053125,0.6328125,0.165,0.035888664233713716,0.019329430731839844
v6_H20,286,92.27642276422765,99.5078125,,0.0055848038217309595,0.0005584803821730957,0.999921875,0.93345703125,0.838203125,0.196953125,0.6328125,0.195,0.036149385540245785,0.01910885581894243
v6_H20,287,92.88617886178862,99.546875,,0.005509564184258053,0.000550956418425805,1.0,0.9341796875,0.843046875,0.146953125,0.6328125,0.17,0.036646077400620806,0.019002749005836976
v6_H20,288,92.3780487804878,99.484375,,0.005439477577606428,0.0005439477577606426,0.99640625,0.935625,0.854609375,0.159609375,0.6328125,0.235,0.03897782545259226,0.019192312197734155
v6_H20,289,92.47967479674797,99.3984375,,0.005374551687562305,0.0005374551687562303,1.0,0.94111328125,0.861875,0.17625,0.6328125,0.195,0.03651132120043993,0.018985980888625673
v6_H20,290,92.78455284552845,99.5546875,99.71770551038844,0.005314793633981168,0.0005314793633981166,0.9984375,0.93888671875,0.863671875,0.217890625,0.6328125,0.18,0.03939788114343029,0.019040313343248644
v6_H20,291,92.3780487804878,99.5546875,,0.005260209970007018,0.0005260209970007016,0.999921875,0.934453125,0.86,0.24578125,0.6328125,0.14,0.034200361996329975,0.019007271453132437
v6_H20,292,92.88617886178862,99.46875,,0.0052108066813537,0.0005210806681353698,1.0,0.936005859375,0.85515625,0.2096875,0.6328125,0.145,0.035503356649702195,0.01922282392790683
v6_H20,293,92.07317073170732,99.5078125,,0.005166589185648543,0.0005166589185648541,1.0,0.934931640625,0.867265625,0.21921875,0.6328125,0.19,0.036911580867685,0.019105861666553283
v6_H20,294,91.26016260162602,99.578125,,0.0051275623318382405,0.000512756233183824,1.0,0.93552734375,0.862734375,0.140859375,0.6328125,0.18,0.036091408833642556,0.019262374303055052
v6_H20,295,92.17479674796748,99.4140625,,0.005093730399657101,0.00050937303996571,1.0,0.93037109375,0.85703125,0.196953125,0.6328125,0.2,0.037570459277940046,0.019489472382148067
v6_H20,296,90.85365853658537,99.5625,,0.005065097099157743,0.0005065097099157742,0.999921875,0.93806640625,0.85578125,0.178984375,0.6328125,0.17,0.03496267185651975,0.018801024713846426
v6_H20,297,92.3780487804878,99.515625,,0.0050416655703042264,0.0005041665570304227,1.0,0.93978515625,0.861796875,0.203359375,0.6328125,0.215,0.03504092462110309,0.019036512645159813
v6_H20,298,92.27642276422765,99.546875,,0.005023438382627749,0.0005023438382627749,0.9971875,0.943671875,0.857734375,0.169921875,0.6328125,0.225,0.03700245877588423,0.01877074251973125
v6_H20,299,91.26016260162602,99.5859375,,0.005010417534944839,0.0005010417534944839,1.0,0.936572265625,0.84796875,0.208984375,0.6314453125,0.15,0.037044048280231855,0.01901411055289822
v6_H20,300,91.5650406504065,99.4609375,97.76422764227642,0.005002604455138174,0.0005002604455138173,0.999921875,0.93771484375,0.8475,0.225390625,0.630859375,0.22,0.03599036877455329,0.018922296714870057
