job,epoch,validation_oa_pct,validation_ce,clean_train_oa_pct,training_mode_oa_pct,unique_id_coverage_fraction,cumulative_unique_ids,whole_boundary_fraction,part_boundary_fraction,model_clip_step_fraction,sample_anchor_fraction,proxy_anchor_fraction,sample_collision_fraction,sample_active_noncollision_fraction,epoch_seconds
H20,1,46.84959349593496,3.40386281362394,,15.867187499999998,0.6593270099367661,5839,0.00046875,0.0,0.165,0.99546875,0.123046875,0.019795950400251137,0.9953001498827839,130.83385744597763
H20,2,65.95528455284553,3.2745007228075975,,40.59375,0.6600045167118338,7442,0.026484375,0.003359375,0.0,0.981484375,0.123046875,0.017914510865239194,0.9944869240732246,127.94269385002553
H20,3,76.01626016260163,3.1833019023988305,,57.4921875,0.6589882565492322,8128,0.065,0.006015625,0.0,0.93265625,0.123046875,0.018073379125481657,0.9946238944092597,127.82726923981681
H20,4,81.60569105691057,3.1224091692668634,,67.0078125,0.6569557362240289,8422,0.08609375,0.0096875,0.0,0.8925,0.123046875,0.018419117647058822,0.9947920289506117,127.72792972484604
H20,5,82.41869918699187,3.108580465239238,,72.4296875,0.6614724480578139,8597,0.10625,0.00796875,0.0,0.848046875,0.123046875,0.017930907415937357,0.994761902975134,127.67922471882775
H20,6,85.8739837398374,3.06961244102416,,75.796875,0.6658762420957542,8705,0.15359375,0.010703125,0.0,0.81625,0.123046875,0.017557427258805512,0.9948307574801063,127.46086305007339
H20,7,86.28048780487805,3.06297379780591,,78.3046875,0.6580849141824752,8761,0.187578125,0.01296875,0.0,0.79328125,0.123046875,0.0177565491431948,0.99525351674905,127.15103501593694
H20,8,85.8739837398374,3.0653988210166374,,80.2734375,0.6559394760614273,8793,0.221328125,0.014921875,0.0,0.776796875,0.123046875,0.01801267223172081,0.9951146570530218,126.93587392801419
H20,9,87.8048780487805,3.039899252294525,,81.359375,0.6633920505871725,8820,0.23859375,0.0165625,0.0,0.7634375,0.123046875,0.017928776094965206,0.995150466822274,127.01966426661238
H20,10,87.70325203252033,3.0325882221625102,90.49232158988256,82.4609375,0.662375790424571,8831,0.260859375,0.013046875,0.0,0.750859375,0.123046875,0.01784205597752575,0.995169245893859,152.54481824720278
H20,11,88.3130081300813,3.0377023278213127,,83.3515625,0.6631662149954833,8841,0.273984375,0.012421875,0.0,0.750078125,0.123046875,0.01772315383814186,0.995508353444656,127.01189831923693
H20,12,89.22764227642277,3.024374620701239,,84.0,0.6626016260162602,8844,0.28953125,0.016796875,0.0,0.76,0.123046875,0.018182565789473686,0.9956256439035422,127.02352551510558
H20,13,88.10975609756098,3.030123005068399,,84.6796875,0.6622628726287263,8845,0.2915625,0.016328125,0.0,0.754765625,0.123046875,0.0178511541248318,0.9955082657605911,127.17324085626751
H20,14,89.22764227642277,3.018468926592571,,85.3515625,0.6624887082204155,8847,0.31953125,0.01671875,0.0,0.762578125,0.123046875,0.018049380186456306,0.9956660636297813,127.1268445244059
H20,15,89.9390243902439,3.0189775528946545,,85.53125,0.6600045167118338,8850,0.315078125,0.018984375,0.0,0.762265625,0.123046875,0.01771241160192682,0.9956302990970537,126.93663522740826
H20,16,89.1260162601626,3.019088791637886,,86.953125,0.6536811201445348,8851,0.345234375,0.021015625,0.0,0.770703125,0.123046875,0.018465281297516473,0.9957016743021675,126.98611065093428
H20,17,88.21138211382114,3.018752214385242,,87.375,0.6610207768744354,8852,0.340078125,0.0253125,0.0,0.772578125,0.123046875,0.01806047123066033,0.9955717581150108,126.98851535189897
H20,18,90.85365853658537,3.012732955498424,,87.2578125,0.6583107497741644,8855,0.346015625,0.02828125,0.0,0.768984375,0.123046875,0.018006705272782687,0.9956692489778352,127.1306484057568
H20,19,90.44715447154472,3.008026030005478,,87.7109375,0.6627145438121048,8855,0.35515625,0.031328125,0.0,0.773046875,0.123046875,0.017709954522486103,0.9958394034420603,126.95856513828039
H20,20,91.66666666666667,3.002761716765117,93.99277326106595,87.875,0.6570686540198736,8855,0.349921875,0.031796875,0.0,0.766953125,0.123046875,0.017699908322298053,0.9958499425504291,152.54548384714872
H20,21,91.66666666666667,3.006869005963085,,88.640625,0.6609078590785907,8856,0.425078125,0.054609375,0.0,0.7546875,0.43107421875,0.03909523809523809,0.7066860296002948,118.34660536097363
H20,22,89.63414634146342,3.016276886792687,,87.9609375,0.6675700090334237,8856,0.325859375,0.054609375,0.0,0.57359375,0.440029296875,0.06892399891037865,0.3777933165202839,116.95765096321702
H20,23,90.44715447154472,3.011700785256983,,88.5234375,0.6624887082204155,8856,0.375546875,0.077578125,0.0,0.500859375,0.432421875,0.0588301357042583,0.2808128820121183,116.84311569528654
H20,24,90.54878048780488,3.0123165797411913,,88.546875,0.6577461607949413,8856,0.367421875,0.0609375,0.005,0.518125,0.408134765625,0.053633896260554884,0.27395121329445693,115.90029975399375
H20,25,90.85365853658537,3.013576879733946,,88.3671875,0.6604561878952123,8856,0.36328125,0.06953125,0.0,0.535390625,0.37978515625,0.04926601488399241,0.25336664937424985,115.67086605587974
H20,26,91.15853658536585,3.010874818011028,,89.0546875,0.660230352303523,8856,0.33328125,0.066328125,0.0,0.55171875,0.35677734375,0.046907391673746815,0.2450428927577057,115.13921638811007
H20,27,90.04065040650407,3.018997029560368,,89.0234375,0.6654245709123758,8856,0.325390625,0.053125,0.0,0.58546875,0.338994140625,0.04220709901254337,0.23839112807723922,114.77357535902411
H20,28,90.65040650406505,3.007864215509678,,89.2734375,0.6628274616079494,8856,0.31671875,0.06,0.0,0.609375,0.3153515625,0.039902564102564105,0.24264898327627005,114.02046063914895
H20,29,91.26016260162602,3.012596967743664,,89.328125,0.6585365853658537,8856,0.30890625,0.056796875,0.0,0.6278125,0.289111328125,0.03951468392234943,0.2459247051873042,113.09851337876171
H20,30,90.85365853658537,3.0080048165670257,93.89114724480578,89.515625,0.6631662149954833,8856,0.290234375,0.05953125,0.0,0.63765625,0.27,0.03562362166135751,0.24308241141167083,138.34207915700972
H20,31,90.54878048780488,3.012049372603254,,90.546875,0.6592140921409214,8856,0.430234375,0.087890625,0.0,0.80765625,0.254375,0.03523892435674212,0.2779510111593491,112.51303836982697
H20,32,90.14227642276423,3.0184055809083024,,90.3359375,0.6670054200542005,8856,0.8696875,0.18390625,0.0,0.992265625,0.254736328125,0.025338162349421305,0.23664895413104906,112.94515676004812
H20,33,91.0569105691057,3.008744836822758,,90.359375,0.6545844625112918,8856,0.9240625,0.276640625,0.01,0.999375,0.263955078125,0.020301751094434023,0.1920333857312704,113.42406415287405
H20,34,91.26016260162602,3.005438238624635,,91.3125,0.6576332429990966,8856,0.936640625,0.227578125,0.0,0.999921875,0.2712109375,0.01734354246425502,0.17774003698809415,113.57939158985391
H20,35,92.17479674796748,3.014044862452561,,90.390625,0.6596657633242999,8856,0.9340625,0.23390625,0.02,1.0,0.275751953125,0.0165859375,0.1673745005044607,113.36070963693783
H20,36,91.869918699187,3.004973737204947,,91.203125,0.6589882565492322,8856,0.946640625,0.2546875,0.0,0.999921875,0.279814453125,0.013954215173060395,0.15395391588222243,113.59029403608292
H20,37,91.46341463414635,3.0082078794153726,,91.0390625,0.660230352303523,8856,0.9465625,0.23734375,0.01,0.999765625,0.282958984375,0.01388762991326092,0.14994040864455024,113.85334321437404
H20,38,91.26016260162602,3.0231021710527624,,91.6796875,0.653906955736224,8856,0.945,0.286171875,0.0,1.0,0.29015625,0.013496875,0.1402665982431632,113.86873048916459
H20,39,92.17479674796748,3.0168874476983296,,91.859375,0.6606820234869015,8856,0.943828125,0.27046875,0.0,1.0,0.293984375,0.0135046875,0.13870599359791685,114.04372981004417
H20,40,91.869918699187,3.0150611148617132,95.17841011743451,91.9453125,0.6581978319783198,8856,0.9471875,0.23375,0.0,1.0,0.300927734375,0.013271875,0.13723068347727496,140.62701283115894
H20,41,90.7520325203252,3.0141729261817,,92.1015625,0.6645212285456188,8856,0.949921875,0.264375,0.0,1.0,0.302861328125,0.011990625,0.12876902104294305,113.97146052028984
H20,42,90.95528455284553,3.010921749642225,,91.6875,0.6644083107497741,8856,0.9490625,0.281640625,0.005,1.0,0.30783203125,0.01218125,0.13292386634693865,114.41230588965118
H20,43,91.46341463414635,3.0019313378062673,,92.28125,0.664747064137308,8856,0.953828125,0.27390625,0.0,1.0,0.310908203125,0.0114625,0.12425869023683977,114.48511288221925
H20,44,91.26016260162602,3.0096738319086835,,92.078125,0.6551490514905149,8856,0.95109375,0.250546875,0.0,1.0,0.310087890625,0.011759375,0.12225799005176498,114.52734683081508
H20,45,92.27642276422765,3.0047441653119837,,91.7265625,0.664747064137308,8856,0.948359375,0.22046875,0.01,1.0,0.310439453125,0.011609375,0.12352941176470589,114.86444126907736
H20,46,90.2439024390244,3.0334173218021547,,92.8515625,0.6577461607949413,8856,0.951875,0.243046875,0.005,1.0,0.309287109375,0.010978125,0.11627491808510303,114.34901089128107
H20,47,92.17479674796748,3.0109781947562366,,92.5,0.66113369467028,8856,0.94640625,0.26515625,0.015,1.0,0.31162109375,0.0117171875,0.11488677488256936,114.41982791991904
H20,48,90.85365853658537,3.0156171457554266,,92.6953125,0.6567299006323396,8856,0.94734375,0.236953125,0.01,0.99859375,0.310498046875,0.011359724612736662,0.11553874398581919,114.63690185593441
H20,49,91.5650406504065,3.011117733590971,,92.5390625,0.6619241192411924,8856,0.9490625,0.301171875,0.005,1.0,0.308447265625,0.0108671875,0.11772622799327062,114.31208437308669
H20,50,92.17479674796748,3.0138725110185827,96.04787714543812,93.0625,0.6601174345076785,8856,0.950546875,0.27703125,0.01,1.0,0.30779296875,0.01026875,0.11172856267799972,139.74621655372903
H20,51,91.26016260162602,3.0043240368850834,,93.2734375,0.6591011743450768,8856,0.9546875,0.229765625,0.005,1.0,0.311318359375,0.0099421875,0.10982628855322527,114.4833727129735
H20,52,91.36178861788618,3.00788459932901,,93.0625,0.660230352303523,8856,0.9528125,0.247421875,0.005,1.0,0.31345703125,0.0102328125,0.11127616816454627,114.77354119112715
H20,53,91.5650406504065,3.0010998345972077,,93.40625,0.6592140921409214,8856,0.955546875,0.281328125,0.0,1.0,0.3137109375,0.0092796875,0.10379442987346643,115.13248189492151
H20,54,91.0569105691057,3.005656878153483,,93.3828125,0.6550361336946703,8856,0.95203125,0.255078125,0.01,1.0,0.313701171875,0.0098375,0.10627359145594789,114.91504834685475
H20,55,91.36178861788618,3.006710145531631,,93.5703125,0.6583107497741644,8856,0.953671875,0.266875,0.01,1.0,0.314267578125,0.0098078125,0.11011435595678239,114.98171664820984
H20,56,91.36178861788618,2.9991676594183696,,93.3125,0.6686991869918699,8856,0.951015625,0.204375,0.005,1.0,0.312001953125,0.0089578125,0.10192395316168112,114.67305546300486
H20,57,91.66666666666667,3.012090155748817,,93.375,0.6587624209575429,8856,0.95375,0.18671875,0.005,1.0,0.312451171875,0.0090234375,0.10222555086917104,114.78547585289925
H20,58,91.15853658536585,3.001949884058014,,93.203125,0.6600045167118338,8856,0.950234375,0.269609375,0.005,1.0,0.3123828125,0.00895625,0.10582592847187625,114.51666221907362
H20,59,92.07317073170732,2.991712360847287,,93.5703125,0.6559394760614273,8856,0.937265625,0.546640625,0.01,0.999375,0.311865234375,0.009376172607879926,0.10979114682222149,114.55544017907232
H20,60,91.26016260162602,3.011903483693193,96.26242095754291,93.6015625,0.6622628726287263,8856,0.93859375,0.305,0.01,1.0,0.311484375,0.008978125,0.10565483229116411,139.991359771695
H20,61,91.66666666666667,3.0135734061884687,,93.5234375,0.6633920505871725,8856,0.9496875,0.24203125,0.0,0.999921875,0.30865234375,0.008913196343464333,0.10876221529185837,114.43477607797831
H20,62,91.66666666666667,3.0026348858344845,,93.859375,0.6607949412827462,8856,0.95390625,0.264609375,0.025,1.0,0.303896484375,0.008440625,0.10448031667291734,114.42016746103764
H20,63,92.07317073170732,3.0014946557642,,93.5859375,0.6667795844625113,8856,0.953671875,0.23734375,0.0,1.0,0.302763671875,0.00876875,0.10912406918163647,114.02112756390125
H20,64,92.07317073170732,2.9984004633213446,,93.515625,0.6650858175248419,8856,0.93671875,0.359140625,0.005,0.999765625,0.301982421875,0.009846057669766352,0.11320179938442113,114.19240487087518
H20,65,92.07317073170732,3.0091665702137522,,93.59375,0.6577461607949413,8856,0.9546875,0.237578125,0.005,1.0,0.3031640625,0.0088921875,0.10562359985432968,114.075781816151
H20,66,92.27642276422765,3.003342085737523,,94.1953125,0.6616982836495031,8856,0.9496875,0.223828125,0.005,1.0,0.303154296875,0.0085,0.10056732223903177,114.20517340209335
H20,67,92.17479674796748,3.0098634270148548,,94.21875,0.658423667570009,8856,0.953984375,0.26015625,0.01,0.999921875,0.304287109375,0.007914680834440191,0.09928884758657079,114.3174166274257
H20,68,91.36178861788618,2.995505425988174,,93.703125,0.6622628726287263,8856,0.94421875,0.482734375,0.025,0.999921875,0.304921875,0.008316274708961638,0.10251517424380897,114.1237482088618
H20,69,92.17479674796748,2.993863237582571,,94.0859375,0.6689250225835591,8856,0.931171875,0.37859375,0.02,1.0,0.30505859375,0.0085453125,0.10561028539188787,114.22859723586589
H20,70,91.0569105691057,3.007138880287729,96.08175248419151,94.2265625,0.6585365853658537,8856,0.94578125,0.25375,0.005,1.0,0.304501953125,0.0083171875,0.09210826924561627,139.68405426992103
H20,71,91.76829268292683,3.0005091302763156,,94.625,0.6604561878952123,8856,0.93640625,0.235703125,0.015,0.997890625,0.302978515625,0.0088201675409066,0.09646344410971586,114.16424511699006
H20,72,91.66666666666667,2.995894943795553,,94.03125,0.6589882565492322,8856,0.948671875,0.233125,0.005,0.999921875,0.305927734375,0.00800218767091179,0.09513585548234249,114.10855290712789
H20,73,92.6829268292683,3.003185721916881,,94.6015625,0.6693766937669376,8856,0.9540625,0.229296875,0.005,1.0,0.3045703125,0.0075109375,0.09718148657179786,114.18418940296397
H20,74,90.85365853658537,2.9986892328029726,,94.78125,0.6596657633242999,8856,0.949453125,0.290078125,0.01,1.0,0.304111328125,0.0072828125,0.09696240904462028,114.25177702121437
H20,75,92.07317073170732,3.0016217580655726,,94.1875,0.6586495031616982,8856,0.956328125,0.276015625,0.01,1.0,0.3016796875,0.0073296875,0.0975997506725074,114.01502088829875
H20,76,91.869918699187,2.9993670936522445,,94.8984375,0.662940379403794,8856,0.955390625,0.263203125,0.01,1.0,0.298828125,0.0074515625,0.09904113621658893,114.04717928962782
H20,77,92.07317073170732,3.001411608564175,,94.421875,0.6636178861788617,8856,0.950234375,0.236796875,0.015,0.99984375,0.2989453125,0.007452726988591968,0.09811676646235186,113.87659607734531
H20,78,91.869918699187,3.003712413756828,,94.5546875,0.6622628726287263,8856,0.95109375,0.220546875,0.01,0.999921875,0.305869140625,0.007389639815610595,0.09947246706264434,114.16067722300068
H20,79,92.27642276422765,2.9949096198973617,,94.8515625,0.6570686540198736,8856,0.956796875,0.2303125,0.005,1.0,0.3046875,0.0069375,0.09343256340864749,114.29553919797763
H20,80,90.7520325203252,3.003858473242783,96.33017163504968,94.6328125,0.6616982836495031,8856,0.95171875,0.30828125,0.02,1.0,0.302685546875,0.0072484375,0.09903188895761622,139.66153734968975
H20,81,92.47967479674797,2.9936895215414405,,94.7734375,0.6572944896115628,8856,0.95171875,0.26671875,0.025,1.0,0.302734375,0.0067734375,0.09271550266256598,114.00730469916016
H20,82,93.59756097560975,2.992704903207174,,94.9375,0.6610207768744354,8856,0.95765625,0.258125,0.015,1.0,0.302734375,0.006959375,0.09269352651106293,114.11684442916885
H20,83,92.27642276422765,3.0010430173176093,,95.09375,0.6585365853658537,8856,0.951171875,0.2928125,0.055,1.0,0.3026171875,0.007140625,0.09802968068866752,114.25158219318837
H20,84,92.78455284552845,2.991629212852416,,94.8125,0.657859078590786,8856,0.956015625,0.30328125,0.01,1.0,0.302734375,0.0064953125,0.09316765302126469,114.35202859900892
H20,85,92.6829268292683,2.9941101849563725,,94.9296875,0.6569557362240289,8856,0.95453125,0.24296875,0.025,1.0,0.302744140625,0.0068140625,0.08903166734577331,113.94221321912482
H20,86,91.66666666666667,2.9953246853215907,,95.078125,0.6626016260162602,8856,0.934140625,0.613671875,0.055,0.99921875,0.302734375,0.007666927286942924,0.09723493807881223,114.18844596901909
H20,87,92.3780487804878,2.992071818530075,,94.921875,0.6587624209575429,8856,0.926484375,0.419765625,0.035,1.0,0.302734375,0.0075171875,0.0943750600215054,114.07981901895255
H20,88,92.98780487804878,2.9942366514748673,,95.515625,0.6577461607949413,8856,0.950546875,0.237890625,0.025,1.0,0.302783203125,0.00724375,0.09183239843617202,114.06246545817703
H20,89,92.98780487804878,2.9912943568656116,,95.3125,0.6540198735320687,8856,0.951328125,0.259765625,0.04,1.0,0.30810546875,0.0068359375,0.09293215339233038,114.32490786816925
H20,90,92.3780487804878,2.994276380151268,97.5609756097561,95.265625,0.6640695573622403,8856,0.954375,0.25015625,0.025,1.0,0.307548828125,0.0065828125,0.09489184270832841,139.9312353222631
H20,91,92.27642276422765,2.9930462953520984,,95.5625,0.6639566395663956,8856,0.95296875,0.268125,0.025,1.0,0.306640625,0.0063796875,0.09172737951650924,114.29833544883877
H20,92,91.97154471544715,2.992939817226999,,95.625,0.6658762420957542,8856,0.948515625,0.228984375,0.065,0.999921875,0.31033203125,0.006216110633643254,0.09355128842150283,114.76581727014855
H20,93,92.88617886178862,2.994304028952994,,95.6640625,0.6565040650406504,8856,0.952109375,0.188515625,0.03,1.0,0.31060546875,0.0061046875,0.09006073011336392,114.39654213283211
H20,94,92.3780487804878,2.997339085834782,,95.3828125,0.658423667570009,8856,0.954140625,0.223046875,0.03,1.0,0.310546875,0.006296875,0.09152161265468498,114.43343209987506
H20,95,92.27642276422765,2.9970582326253257,,95.609375,0.6601174345076785,8856,0.95375,0.27546875,0.035,1.0,0.310498046875,0.006028125,0.08790961766398069,114.32999811694026
H20,96,92.88617886178862,2.9860901096002843,,95.7109375,0.6576332429990966,8856,0.948046875,0.175078125,0.035,1.0,0.3105078125,0.0060546875,0.0848370996266457,114.51189164025709
H20,97,92.17479674796748,3.0007617531753166,,95.703125,0.6571815718157181,8856,0.9478125,0.189609375,0.04,1.0,0.310625,0.006059375,0.0833818041193356,114.30341634433717
H20,98,93.1910569105691,2.990392033646746,,95.9296875,0.6586495031616982,8856,0.9471875,0.22875,0.045,0.998359375,0.3125,0.006139760544643556,0.08447199882839627,114.70380756212398
H20,99,93.4959349593496,2.9856369359706476,,95.9296875,0.6637308039747064,8856,0.94859375,0.235390625,0.05,1.0,0.312216796875,0.0061,0.08409422477110373,114.65226481482387
H20,100,93.08943089430895,2.9829697802784,98.12556458897922,95.8671875,0.657859078590786,8856,0.9471875,0.2596875,0.045,1.0,0.314453125,0.005940625,0.0845617244945756,140.7581049320288
H20,101,91.76829268292683,2.9996842330064233,,95.78125,0.6601174345076785,8856,0.946875,0.244765625,0.065,1.0,0.314453125,0.0059109375,0.08388804448796558,114.83010567678139
H20,102,92.17479674796748,3.0048975052872327,,96.1484375,0.6598915989159891,8856,0.95234375,0.24359375,0.035,1.0,0.31384765625,0.0055875,0.08465739821251242,114.8019923879765
H20,103,92.6829268292683,3.0006619042497342,,95.828125,0.6554878048780488,8856,0.951328125,0.2353125,0.055,0.999921875,0.31267578125,0.005617626377060708,0.08270855104462133,114.518435372971
H20,104,92.3780487804878,2.9951951794508025,,96.3515625,0.6603432700993677,8856,0.948125,0.236484375,0.03,1.0,0.312724609375,0.0058546875,0.08208841451435199,114.69087054440752
H20,105,91.76829268292683,3.009545589850201,,96.265625,0.662940379403794,8856,0.948671875,0.256484375,0.05,0.999921875,0.314404296875,0.005762950230486757,0.08318428571877623,114.87743197614327
H20,106,92.78455284552845,2.992632377438429,,96.1640625,0.6610207768744354,8856,0.9496875,0.276171875,0.015,1.0,0.313857421875,0.005271875,0.08066902702685722,114.77928012935445
H20,107,92.6829268292683,2.997327734784382,,96.1796875,0.6588753387533876,8856,0.95125,0.267265625,0.06,1.0,0.31333984375,0.005921875,0.08097169173700508,114.62296319194138
H20,108,91.5650406504065,2.997054076776272,,96.140625,0.6648599819331527,8856,0.9515625,0.254921875,0.04,1.0,0.312392578125,0.005603125,0.08038163836747778,114.87746228696778
H20,109,92.17479674796748,3.0070126773865242,,96.375,0.6594399277326106,8856,0.939296875,0.2221875,0.075,0.997578125,0.310751953125,0.006047458689012452,0.08097839704123456,114.33765508932993
H20,110,92.27642276422765,3.0014810949806274,97.64001806684733,96.3671875,0.6616982836495031,8856,0.94484375,0.218515625,0.08,1.0,0.312265625,0.0057765625,0.08120188023630251,140.0443846383132
H20,111,93.39430894308943,2.9931868421352976,,96.5625,0.6569557362240289,8856,0.949921875,0.191328125,0.045,1.0,0.31416015625,0.005725,0.08071364813557617,114.87413550866768
H20,112,91.76829268292683,2.994573461331003,,96.6796875,0.6606820234869015,8856,0.941484375,0.224375,0.06,0.999921875,0.3139453125,0.005458238924916009,0.07884586075728604,114.56570240482688
H20,113,92.3780487804878,2.998498055993057,,96.5390625,0.657859078590786,8856,0.944765625,0.26734375,0.09,1.0,0.313369140625,0.00530625,0.08088387757538439,114.65058160526678
H20,114,93.1910569105691,2.992203317037443,,96.7890625,0.6641824751580849,8856,0.93609375,0.27640625,0.075,0.995,0.31318359375,0.005571608040201005,0.08255165400188234,114.9249431383796
H20,115,92.3780487804878,2.9969086298128453,,96.46875,0.6601174345076785,8856,0.945625,0.24546875,0.095,1.0,0.312001953125,0.0053078125,0.08283498506918754,114.83393274899572
H20,116,92.88617886178862,2.9956686128445758,,96.953125,0.6596657633242999,8856,0.95296875,0.243125,0.065,1.0,0.312421875,0.005084375,0.07873940315290555,114.78122680308297
H20,117,92.6829268292683,2.9979401642714087,,96.7421875,0.6650858175248419,8856,0.9421875,0.239765625,0.07,1.0,0.3118359375,0.0050234375,0.0781676704068092,114.69696599524468
H20,118,92.98780487804878,2.9939453776289775,,96.75,0.6628274616079494,8856,0.940078125,0.214296875,0.09,1.0,0.309912109375,0.00498125,0.07799005043874802,114.19382988475263
H20,119,92.3780487804878,2.9937885641082516,,96.9609375,0.6626016260162602,8856,0.943359375,0.24609375,0.085,1.0,0.310654296875,0.0049125,0.07738170010174984,114.36126928310841
H20,120,93.4959349593496,2.9962136493465765,98.43044263775971,96.859375,0.6595528455284553,8856,0.9403125,0.167578125,0.1,1.0,0.30984375,0.00499375,0.0774194257573759,139.7740575862117
H20,121,92.58130081300813,3.000299802640589,,97.2421875,0.6612466124661247,8856,0.94796875,0.2075,0.035,1.0,0.310546875,0.0051390625,0.07695799193040484,114.47069113282487
H20,122,92.47967479674797,3.00193296603071,,96.6796875,0.6659891598915989,8856,0.9396875,0.251328125,0.125,0.998125,0.310546875,0.0051628052598622414,0.08159219011112474,114.39820456597954
H20,123,92.3780487804878,2.99132789828913,,97.2890625,0.662940379403794,8856,0.94515625,0.2415625,0.105,1.0,0.310546875,0.004846875,0.07759484250225311,114.23045771382749
H20,124,93.90243902439025,2.983801779708242,,97.1171875,0.6610207768744354,8856,0.94484375,0.265703125,0.07,1.0,0.31171875,0.00473125,0.07509749251144478,114.69081630697474
H20,125,93.1910569105691,2.9973405589902304,,97.1640625,0.6596657633242999,8856,0.9490625,0.22296875,0.08,1.0,0.31404296875,0.004315625,0.07306846107733689,115.12680718814954
H20,126,92.78455284552845,2.99700955646794,,97.2421875,0.6591011743450768,8856,0.94984375,0.23234375,0.14,1.0,0.3125,0.0042953125,0.07356912739250311,114.79439047817141
H20,127,92.17479674796748,2.994394581492354,,97.515625,0.6576332429990966,8856,0.949140625,0.1965625,0.115,1.0,0.315625,0.0046734375,0.07800360748435266,114.68701578117907
H20,128,92.78455284552845,2.987621276359248,,97.2734375,0.6616982836495031,8856,0.948671875,0.22421875,0.125,1.0,0.31640625,0.0043984375,0.07496723871403124,114.80570982210338
H20,129,92.6829268292683,2.9885156910593915,,97.25,0.6621499548328816,8856,0.954140625,0.2759375,0.095,1.0,0.31640625,0.0042234375,0.06955940479870452,114.99460161337629
H20,130,91.97154471544715,2.9975585549827515,98.3739837398374,97.375,0.6653116531165312,8856,0.944609375,0.252734375,0.115,1.0,0.31640625,0.004346875,0.07322611727854518,140.1932483483106
H20,131,93.80081300813008,2.9858769129931444,,97.3671875,0.6592140921409214,8856,0.946875,0.19125,0.125,0.9975,0.31640625,0.004290413533834587,0.07355964893237119,114.818935144227
H20,132,92.47967479674797,2.9948150355641436,,97.53125,0.6612466124661247,8856,0.9378125,0.267578125,0.115,0.999921875,0.31572265625,0.004169075709039769,0.0715805561745036,114.6486978949979
H20,133,92.58130081300813,2.9954679458121944,,97.671875,0.6594399277326106,8856,0.944453125,0.234609375,0.115,1.0,0.31640625,0.0040890625,0.0731114573184412,114.74040110595524
H20,134,92.78455284552845,2.997064117493668,,97.4921875,0.6577461607949413,8856,0.9465625,0.264765625,0.12,1.0,0.31640625,0.00403125,0.07035235794295755,114.91217198921368
H20,135,92.78455284552845,2.990819543357787,,97.4765625,0.6649728997289973,8856,0.947109375,0.240625,0.12,0.99984375,0.31640625,0.004078762306610408,0.07182287498626999,114.8404988637194
H20,136,93.08943089430895,2.9908092777903486,,97.6953125,0.6615853658536586,8856,0.944765625,0.237265625,0.145,0.999921875,0.31619140625,0.00407531838424877,0.07281961646965052,114.86650597630069
H20,137,91.869918699187,2.998074671117271,,97.625,0.6609078590785907,8856,0.934765625,0.211640625,0.13,0.9978125,0.31640625,0.004140306921390542,0.07167948726012491,114.76962674409151
H20,138,92.98780487804878,2.994221764851392,,97.546875,0.6587624209575429,8856,0.93875,0.220390625,0.145,1.0,0.31640625,0.0041484375,0.07031670445363186,114.8120260052383
H20,139,92.78455284552845,2.998044432663336,,97.78125,0.6646341463414634,8856,0.9384375,0.243515625,0.155,0.999921875,0.31640625,0.004184701929838269,0.07257811421182792,118.68503244919702
H20,140,92.6829268292683,2.9921151758209477,98.78048780487805,97.953125,0.6644083107497741,8856,0.939296875,0.21046875,0.135,1.0,0.31640625,0.00403125,0.07047629506447868,142.3654085630551
H20,141,92.17479674796748,3.005383979983446,,97.875,0.658423667570009,8856,0.94234375,0.244296875,0.175,1.0,0.31640625,0.003784375,0.06805285000423478,115.25990167586133
H20,142,92.47967479674797,2.996065279332603,,97.6875,0.6607949412827462,8856,0.940859375,0.2546875,0.175,1.0,0.31640625,0.0038890625,0.07061054632782807,114.87876010825858
H20,143,92.88617886178862,2.998270941943657,,97.7421875,0.6639566395663956,8856,0.943359375,0.270078125,0.165,0.99984375,0.31591796875,0.003938115330520394,0.0683375694248329,114.99516799021512
H20,144,93.1910569105691,2.999037091324969,,97.9296875,0.6616982836495031,8856,0.940546875,0.200859375,0.13,1.0,0.314453125,0.0038953125,0.06778905957111059,114.74758889432997
H20,145,92.78455284552845,2.9972648698139968,,97.9921875,0.6591011743450768,8856,0.936328125,0.229140625,0.145,0.999921875,0.314453125,0.0037987342761153214,0.06654389908379202,115.16059010103345
H20,146,92.98780487804878,2.9929893385104047,,98.015625,0.6658762420957542,8856,0.94109375,0.23640625,0.145,1.0,0.3146875,0.00366875,0.06689071782100582,114.79958002083004
H20,147,92.78455284552845,2.9963086368591805,,98.3671875,0.6612466124661247,8856,0.936171875,0.281796875,0.115,0.999921875,0.314453125,0.0035643409641378234,0.06597623531957802,114.78661354118958
H20,148,93.08943089430895,2.9917808703290736,,98.46875,0.6579719963866305,8856,0.93859375,0.23390625,0.165,0.999921875,0.314453125,0.003751855613719822,0.06667565943950975,114.73682590015233
H20,149,93.29268292682927,2.9947701585971243,,98.296875,0.6552619692863595,8856,0.938984375,0.206640625,0.14,1.0,0.314453125,0.00360625,0.06570570118489803,115.01766413496807
H20,150,93.90243902439025,3.001208297605437,99.14182475158086,98.015625,0.6616982836495031,8856,0.9428125,0.23671875,0.15,1.0,0.314453125,0.0035328125,0.06603798732710403,140.13985951896757
H20,151,93.08943089430895,2.994509255013815,,98.3671875,0.6620370370370371,8856,0.934765625,0.23875,0.2,0.99828125,0.314296875,0.0035561120676162153,0.06663703135897259,114.75622136890888
H20,152,93.08943089430895,2.992081634397429,,98.3515625,0.6662149954832882,8856,0.94234375,0.2140625,0.195,1.0,0.314453125,0.0033828125,0.06558279178784482,114.93342554196715
H20,153,92.47967479674797,2.996937705249321,,98.359375,0.6553748870822041,8856,0.93640625,0.24171875,0.15,1.0,0.314453125,0.00351875,0.06535496779292134,114.6053735720925
H20,154,93.90243902439025,2.9899547700959492,,98.4453125,0.6595528455284553,8856,0.941171875,0.254609375,0.18,0.999921875,0.314453125,0.0035893429174154233,0.06341223204470142,114.76731602009386
H20,155,93.08943089430895,2.9946708524130226,,98.328125,0.669263775971093,8856,0.9446875,0.262421875,0.21,0.999609375,0.314453125,0.003551387260648691,0.06608384916812815,114.732014761772
H20,156,92.3780487804878,3.000984571813568,,98.578125,0.6621499548328816,8856,0.937421875,0.151875,0.2,0.997890625,0.314453125,0.0033570813434588586,0.06379358560642005,114.58850042987615
H20,157,92.88617886178862,2.992656397625683,,98.625,0.6585365853658537,8856,0.92703125,0.224453125,0.215,0.99796875,0.314453125,0.0034601534366682325,0.06478499269430785,114.8699777238071
H20,158,93.08943089430895,2.992486790912907,,98.53125,0.6577461607949413,8856,0.940234375,0.225625,0.175,1.0,0.314453125,0.0032140625,0.0628817935144676,114.84523878525943
H20,159,92.88617886178862,2.992102103504708,,98.7890625,0.6610207768744354,8856,0.9340625,0.19609375,0.175,0.999921875,0.314453125,0.0034096413782326745,0.06576059005782667,114.72555378777906
H20,160,93.1910569105691,2.990108071303949,99.14182475158086,98.6875,0.6595528455284553,8856,0.927734375,0.230546875,0.13,0.99984375,0.314453125,0.0032551961243944367,0.0627954413256467,141.11094266874716
H20,161,93.80081300813008,2.9892646665495586,,98.8359375,0.6567299006323396,8856,0.93359375,0.208046875,0.145,0.999921875,0.314453125,0.0032971325884834754,0.06326664994355952,114.69473152887076
H20,162,93.59756097560975,2.990199918669414,,98.6640625,0.6620370370370371,8856,0.943828125,0.24390625,0.175,1.0,0.314453125,0.003334375,0.06163677010531993,114.89922728063539
H20,163,92.6829268292683,3.0042675607572726,,98.609375,0.6560523938572719,8856,0.930703125,0.22734375,0.155,0.999921875,0.314453125,0.003058051410266427,0.060254579595700894,114.83933097403497
H20,164,93.80081300813008,2.9958848332971093,,98.8046875,0.6577461607949413,8856,0.93375,0.201484375,0.15,0.999921875,0.314453125,0.003064301898585827,0.06076437054557367,114.79682982014492
H20,165,93.39430894308943,2.997861234153189,,98.8984375,0.660230352303523,8856,0.9303125,0.23140625,0.155,1.0,0.314453125,0.002971875,0.0595786227193942,114.69546691235155
H20,166,93.39430894308943,2.9935853694512593,,98.703125,0.6552619692863595,8856,0.932734375,0.233359375,0.16,1.0,0.314453125,0.00319375,0.06214535171704632,114.67585295205936
H20,167,92.88617886178862,2.9985841658057235,,98.9453125,0.6640695573622403,8856,0.930390625,0.18,0.16,0.997578125,0.314453125,0.00323909468243402,0.06112209333387808,114.64162201900035
H20,168,92.78455284552845,2.9943582100596853,,98.8984375,0.6641824751580849,8856,0.923125,0.236171875,0.14,0.999921875,0.314453125,0.003079928119384327,0.061395437780867396,114.93629236612469
H20,169,93.1910569105691,2.998368712944713,,98.8359375,0.6612466124661247,8856,0.9309375,0.204609375,0.185,1.0,0.314453125,0.0031203125,0.05902793560531847,115.05550035601482
H20,170,93.1910569105691,2.992833649239889,99.43541102077687,98.9375,0.6546973803071364,8856,0.924140625,0.203359375,0.175,1.0,0.314453125,0.003153125,0.06011141380164331,140.0718342778273
H20,171,93.4959349593496,2.9971964068529084,,99.0859375,0.6658762420957542,8856,0.925078125,0.247578125,0.145,0.999921875,0.314453125,0.0031002422064223766,0.05984017957069813,114.79485445609316
H20,172,93.59756097560975,2.983031629546871,,99.15625,0.6639566395663956,8856,0.93078125,0.1853125,0.2,0.999921875,0.314453125,0.0030314868349089774,0.06140499365213711,114.73333815298975
H20,173,92.58130081300813,3.005008116001036,,99.09375,0.6657633242999097,8856,0.939765625,0.1821875,0.155,0.997734375,0.314453125,0.0029786234437397226,0.059404883075105865,114.64783198898658
H20,174,93.1910569105691,3.000725730647886,,98.9296875,0.6648599819331527,8856,0.93453125,0.245,0.195,1.0,0.314453125,0.003103125,0.05832160422812038,114.58885131916031
H20,175,93.39430894308943,2.9884413897506588,,99.1328125,0.6583107497741644,8856,0.92640625,0.26046875,0.2,0.99984375,0.314453125,0.0030661040787623066,0.05916405669516473,114.77771701011807
H20,176,94.0040650406504,2.992447682512485,,99.125,0.6620370370370371,8856,0.922265625,0.183359375,0.195,0.997578125,0.314453125,0.0030025843840551336,0.06021211783206841,115.27324751298875
H20,177,93.39430894308943,2.9926438835578235,,99.0546875,0.6580849141824752,8856,0.931484375,0.207890625,0.145,0.999921875,0.314453125,0.0028689741386045786,0.056565127861165874,114.85377738904208
H20,178,93.69918699186992,3.004741753989119,,99.25,0.6601174345076785,8856,0.92734375,0.20109375,0.17,0.999921875,0.314453125,0.0030986795843425266,0.05721612559897299,114.78281527897343
H20,179,94.0040650406504,2.989346550732124,,99.1015625,0.6561653116531165,8856,0.916328125,0.266328125,0.205,1.0,0.314453125,0.00295625,0.057305346430384825,114.49560281727463
H20,180,93.39430894308943,2.9958520672185633,99.55962059620596,99.125,0.6614724480578139,8856,0.929765625,0.172265625,0.2,1.0,0.314453125,0.0028734375,0.05839592203221444,140.01476644026116
H20,181,92.17479674796748,2.9908819586280884,,99.125,0.6586495031616982,8856,0.930234375,0.188359375,0.175,0.999921875,0.314453125,0.0028658488944448787,0.05729679243272383,114.41879652021453
H20,182,93.08943089430895,3.00442916590993,,99.2109375,0.6601174345076785,8856,0.910625,0.241015625,0.225,0.994921875,0.314453125,0.0028865331762858264,0.0588365001764024,114.52850248804316
H20,183,93.4959349593496,2.991822537367906,,99.234375,0.6605691056910569,8856,0.91859375,0.263359375,0.175,1.0,0.316279296875,0.002865625,0.05678303137428193,114.62088608788326
H20,184,93.39430894308943,2.9956394908874016,,99.1640625,0.6587624209575429,8856,0.925625,0.226796875,0.145,1.0,0.31640625,0.0029359375,0.05569006505035879,114.54492429178208
H20,185,93.29268292682927,2.998076361369311,,99.2578125,0.6631662149954833,8856,0.915078125,0.250859375,0.21,0.999140625,0.31640625,0.002983814215341309,0.056959384636620015,114.63419645885006
H20,186,93.29268292682927,2.999136785181557,,99.2578125,0.6609078590785907,8856,0.9040625,0.242109375,0.15,0.995234375,0.31640625,0.0031226940890179762,0.058724866566608025,114.5118405581452
H20,187,93.08943089430895,2.9975305572757875,,99.203125,0.6657633242999097,8856,0.9159375,0.240390625,0.17,0.996875,0.31640625,0.003133228840125392,0.058631983283045155,114.35839560814202
H20,188,93.08943089430895,2.9955441699764593,,99.234375,0.662940379403794,8856,0.9071875,0.196953125,0.215,0.999921875,0.31640625,0.002937729510117978,0.057075242528249255,114.38077441882342
H20,189,93.1910569105691,2.9962898890177407,,99.359375,0.6633920505871725,8856,0.922734375,0.200859375,0.13,0.999921875,0.31640625,0.0029174154230799283,0.05456186734327666,114.52584167616442
H20,190,93.1910569105691,3.0049151909060594,99.44670280036134,99.40625,0.6698283649503162,8856,0.908671875,0.20609375,0.125,0.9978125,0.31640625,0.002895396179141873,0.05534345450576442,139.84583419002593
H20,191,92.17479674796748,3.0044915966871306,,99.34375,0.66113369467028,8856,0.908203125,0.227421875,0.165,1.0,0.31640625,0.002884375,0.05599432111998044,114.44604868767783
H20,192,93.08943089430895,3.0010888557123945,,99.3671875,0.658423667570009,8856,0.91359375,0.1684375,0.15,1.0,0.31640625,0.00280625,0.05560761135937725,114.50861373264343
H20,193,93.4959349593496,3.0005464243695017,,99.375,0.662375790424571,8856,0.906015625,0.194765625,0.165,0.998046875,0.32109375,0.002958904109589041,0.05580504349464561,114.67652092734352
H20,194,93.39430894308943,2.997685603009976,,99.3671875,0.662375790424571,8856,0.903359375,0.2084375,0.2,0.999921875,0.322265625,0.002939292132197828,0.05547832601176362,114.6198679083027
H20,195,93.08943089430895,2.9972001285087773,,99.3515625,0.6606820234869015,8856,0.9059375,0.201171875,0.24,1.0,0.322265625,0.0028921875,0.055074911971968926,114.66832398111
H20,196,93.69918699186992,2.9971735651900127,,99.34375,0.6673441734417345,8856,0.918984375,0.23234375,0.205,0.998125,0.322265625,0.0028271759549154665,0.05487963779878617,114.83666871674359
H20,197,92.98780487804878,2.990173037459211,,99.265625,0.6577461607949413,8856,0.915078125,0.2146875,0.205,0.999921875,0.322265625,0.0027095866864598798,0.0538078017473708,114.68955545220524
H20,198,93.1910569105691,3.0003082306404423,,99.46875,0.6588753387533876,8856,0.90296875,0.2765625,0.155,0.998515625,0.322265625,0.002846412643768093,0.05514954545525877,114.68663470074534
H20,199,92.6829268292683,3.0062600345146366,,99.390625,0.6627145438121048,8856,0.905,0.249921875,0.185,0.999921875,0.322265625,0.0028314712086881786,0.05522473195453021,114.63207956077531
H20,200,93.08943089430895,2.997442005126457,99.61607949412827,99.359375,0.6565040650406504,8856,0.907890625,0.246328125,0.215,1.0,0.322265625,0.0026515625,0.05443966266804323,141.2759918239899
B32,1,30.38617886178862,3.445446886667391,,21.65625,0.7226738934056007,6400,0.0271875,0.0128125,0.155,,,,,121.5533911800012
B32,2,42.073170731707314,3.3522473602760128,,32.609375,0.7226738934056007,8196,0.04828125,0.0125,0.0,,,,,118.65377809014171
B32,3,49.08536585365854,3.2843785130880714,,41.1875,0.7226738934056007,8683,0.0896875,0.01203125,0.0,,,,,118.55078414315358
B32,4,55.792682926829265,3.248264163490233,,49.5,0.7226738934056007,8806,0.11484375,0.0171875,0.0,,,,,118.52965003019199
B32,5,62.60162601626016,3.2162980975174325,,54.84375,0.7226738934056007,8842,0.16015625,0.02625,0.0,,,,,118.65794539591298
B32,6,64.22764227642277,3.196866021892889,,58.546875,0.7226738934056007,8853,0.18796875,0.0225,0.0,,,,,118.50860699499026
B32,7,69.20731707317073,3.168034092197573,,62.21875,0.7226738934056007,8856,0.1790625,0.01796875,0.0,,,,,118.25443398300558
B32,8,69.61382113821138,3.152697954720598,,65.765625,0.7226738934056007,8856,0.18625,0.01625,0.0,,,,,118.42089668195695
B32,9,74.39024390243902,3.1334092481349543,,68.46875,0.7226738934056007,8856,0.19984375,0.01578125,0.0,,,,,118.35694726742804
B32,10,77.7439024390244,3.1142901598922603,77.86811201445347,71.640625,0.7226738934056007,8856,0.214375,0.0103125,0.0,,,,,143.53040450019762
B32,11,76.32113821138212,3.1124765155761223,,74.09375,0.7226738934056007,8856,0.2396875,0.0140625,0.0,,,,,118.43235975177959
B32,12,78.96341463414635,3.1049883501316473,,74.734375,0.7226738934056007,8856,0.25171875,0.01265625,0.0,,,,,118.41091902181506
B32,13,81.70731707317073,3.0793177693839966,,75.90625,0.7226738934056007,8856,0.2746875,0.01859375,0.0,,,,,118.33474723668769
B32,14,82.21544715447155,3.0745258525135073,,76.796875,0.7226738934056007,8856,0.3046875,0.01203125,0.0,,,,,118.30224474798888
B32,15,83.73983739837398,3.0603555198607406,,77.90625,0.7226738934056007,8856,0.31421875,0.018125,0.0,,,,,118.22662330092862
B32,16,83.130081300813,3.0604063979978484,,79.015625,0.7226738934056007,8856,0.2990625,0.01015625,0.0,,,,,118.33013460179791
B32,17,84.45121951219512,3.0555927734064863,,79.8125,0.7226738934056007,8856,0.32953125,0.01609375,0.0,,,,,118.40199527377263
B32,18,85.0609756097561,3.044879589623552,,80.484375,0.7226738934056007,8856,0.30546875,0.015,0.0,,,,,118.3842947492376
B32,19,84.14634146341463,3.0466144278766665,,81.34375,0.7226738934056007,8856,0.31671875,0.00953125,0.0,,,,,118.35946050612256
B32,20,84.55284552845528,3.0474124516898056,86.6869918699187,82.171875,0.7226738934056007,8856,0.32421875,0.01671875,0.0,,,,,143.41057668905705
B32,21,86.17886178861788,3.040594775502275,,82.71875,0.7226738934056007,8856,0.36234375,0.00703125,0.0,,,,,100.98900622315705
B32,22,86.78861788617886,3.0376623258358095,,83.15625,0.7226738934056007,8856,0.35171875,0.0178125,0.0,,,,,100.38940466521308
B32,23,85.77235772357723,3.033806351142201,,82.609375,0.7226738934056007,8856,0.35234375,0.009375,0.0,,,,,100.38562550302595
B32,24,88.00813008130082,3.0272865140341163,,82.890625,0.7226738934056007,8856,0.36453125,0.00953125,0.0,,,,,100.41143383504823
B32,25,86.07723577235772,3.0309246574960103,,84.015625,0.7226738934056007,8856,0.3959375,0.01828125,0.0,,,,,100.39896081900224
B32,26,87.29674796747967,3.030097133745023,,84.1875,0.7226738934056007,8856,0.39765625,0.0078125,0.0,,,,,100.26065245876089
B32,27,87.39837398373983,3.024384523794903,,85.0,0.7226738934056007,8856,0.40421875,0.01046875,0.0,,,,,100.40284552797675
B32,28,87.8048780487805,3.0206628989397997,,84.78125,0.7226738934056007,8856,0.3909375,0.01515625,0.0,,,,,100.3157933098264
B32,29,88.71951219512195,3.0183153481987435,,84.71875,0.7226738934056007,8856,0.42765625,0.01015625,0.0,,,,,100.3802464841865
B32,30,88.10975609756098,3.0202029701170883,90.19873532068654,84.484375,0.7226738934056007,8856,0.4121875,0.0153125,0.0,,,,,125.38498791120946
B32,31,87.70325203252033,3.0256396619285026,,85.671875,0.7226738934056007,8856,0.4140625,0.0090625,0.0,,,,,100.33265257999301
B32,32,88.10975609756098,3.028114698766693,,85.859375,0.7226738934056007,8856,0.42578125,0.00640625,0.0,,,,,100.42906467895955
B32,33,89.9390243902439,3.01462749737065,,85.875,0.7226738934056007,8856,0.423125,0.00578125,0.0,,,,,100.37616202887148
B32,34,89.1260162601626,3.018841898538233,,86.09375,0.7226738934056007,8856,0.44953125,0.016875,0.0,,,,,100.40171379689127
B32,35,88.6178861788618,3.0155903149426466,,85.984375,0.7226738934056007,8856,0.445625,0.00953125,0.0,,,,,100.55848392099142
B32,36,88.3130081300813,3.0176213776193013,,86.0,0.7226738934056007,8856,0.463125,0.0121875,0.0,,,,,100.33460173616186
B32,37,90.04065040650407,3.0079141748629934,,85.6875,0.7226738934056007,8856,0.4515625,0.00421875,0.0,,,,,100.40584992803633
B32,38,88.51626016260163,3.0180346907638924,,87.140625,0.7226738934056007,8856,0.44765625,0.00640625,0.0,,,,,100.34316703630611
B32,39,89.83739837398375,3.0167152532717076,,86.953125,0.7226738934056007,8856,0.48234375,0.0103125,0.0,,,,,100.32661977084354
B32,40,90.2439024390244,3.006860731093864,91.55374887082205,86.5625,0.7226738934056007,8856,0.5021875,0.0128125,0.0,,,,,126.10666488111019
B32,41,89.32926829268293,3.0129071154245515,,87.234375,0.7226738934056007,8856,0.4775,0.01015625,0.0,,,,,100.40399051271379
B32,42,89.32926829268293,3.0145481311208835,,87.203125,0.7226738934056007,8856,0.5053125,0.004375,0.0,,,,,100.32820466393605
B32,43,89.73577235772358,3.0133755013225523,,87.875,0.7226738934056007,8856,0.49140625,0.00421875,0.0,,,,,100.39294564398006
B32,44,90.2439024390244,3.004043827211954,,88.390625,0.7226738934056007,8856,0.4753125,0.00296875,0.0,,,,,100.35685337800533
B32,45,90.34552845528455,3.012554226852045,,87.5,0.7226738934056007,8856,0.47609375,0.00859375,0.0,,,,,100.46186327608302
B32,46,89.32926829268293,3.013082841547524,,88.28125,0.7226738934056007,8856,0.478125,0.0090625,0.005,,,,,100.36323452601209
B32,47,90.2439024390244,3.010090986887614,,88.0625,0.7226738934056007,8856,0.49078125,0.00875,0.005,,,,,100.28729944815859
B32,48,90.85365853658537,3.0042786714507312,,88.1875,0.7226738934056007,8856,0.529375,0.0065625,0.0,,,,,100.4172074906528
B32,49,91.15853658536585,3.005187906870028,,88.296875,0.7226738934056007,8856,0.494375,0.01,0.005,,,,,100.41802383773029
B32,50,89.32926829268293,3.012404370114086,92.81842818428184,88.546875,0.7226738934056007,8856,0.49078125,0.01046875,0.0,,,,,125.21187120489776
B32,51,90.34552845528455,3.0077051554268937,,88.5,0.7226738934056007,8856,0.5096875,0.00359375,0.0,,,,,100.28875592816621
B32,52,91.0569105691057,3.004857342417647,,89.28125,0.7226738934056007,8856,0.5003125,0.00390625,0.0,,,,,100.36909191729501
B32,53,90.7520325203252,3.004048039273518,,89.234375,0.7226738934056007,8856,0.481875,0.00453125,0.01,,,,,100.30660122772679
B32,54,90.14227642276423,3.005435652849151,,88.703125,0.7226738934056007,8856,0.50890625,0.001875,0.0,,,,,100.39134689699858
B32,55,90.85365853658537,3.002573435868674,,88.96875,0.7226738934056007,8856,0.5303125,0.00453125,0.0,,,,,100.36748093133792
B32,56,91.0569105691057,3.0020922257648253,,88.984375,0.7226738934056007,8856,0.5478125,0.0040625,0.0,,,,,100.35916252015159
B32,57,90.14227642276423,3.0027781172496515,,89.640625,0.7226738934056007,8856,0.520625,0.00984375,0.0,,,,,100.34437812305987
B32,58,90.7520325203252,2.9977378864598467,,89.65625,0.7226738934056007,8856,0.51875,0.01265625,0.005,,,,,100.3277108981274
B32,59,89.73577235772358,3.0035440185205724,,89.703125,0.7226738934056007,8856,0.48421875,0.01859375,0.005,,,,,100.30252979835495
B32,60,91.0569105691057,3.003919244781742,93.99277326106595,89.703125,0.7226738934056007,8856,0.5234375,0.00234375,0.0,,,,,125.39175828313455
B32,61,90.14227642276423,3.003704520745006,,89.78125,0.7226738934056007,8856,0.53546875,0.01,0.015,,,,,100.5231807618402
B32,62,90.95528455284553,2.9991339125284333,,89.71875,0.7226738934056007,8856,0.50984375,0.00609375,0.01,,,,,100.3385801082477
B32,63,91.5650406504065,2.999979643317742,,89.5,0.7226738934056007,8856,0.52359375,0.004375,0.0,,,,,100.32358964113519
B32,64,90.85365853658537,2.9992715769666964,,90.09375,0.7226738934056007,8856,0.5253125,0.00921875,0.005,,,,,100.38275300571695
B32,65,91.0569105691057,2.999216451877501,,90.875,0.7226738934056007,8856,0.555,0.001875,0.005,,,,,100.30980396689847
B32,66,90.85365853658537,3.001841116726883,,90.3125,0.7226738934056007,8856,0.53296875,0.0053125,0.0,,,,,100.41578253405169
B32,67,91.97154471544715,2.9973573064416406,,89.890625,0.7226738934056007,8856,0.51734375,0.01890625,0.005,,,,,100.3899185527116
B32,68,92.3780487804878,2.994362028633676,,90.234375,0.7226738934056007,8856,0.53828125,0.00125,0.0,,,,,100.4816681961529
B32,69,91.66666666666667,2.9999737817097487,,90.59375,0.7226738934056007,8856,0.57265625,0.00984375,0.0,,,,,100.44395634066314
B32,70,91.36178861788618,2.9947914456933495,94.02664859981932,90.6875,0.7226738934056007,8856,0.55515625,0.00828125,0.005,,,,,125.46209172997624
B32,71,90.7520325203252,3.0077907360666165,,90.921875,0.7226738934056007,8856,0.48703125,0.02171875,0.005,,,,,100.21200390765443
B32,72,90.95528455284553,3.000833267118873,,90.9375,0.7226738934056007,8856,0.54109375,0.0015625,0.005,,,,,100.57741074031219
B32,73,90.7520325203252,3.009048576277446,,90.953125,0.7226738934056007,8856,0.5534375,0.0015625,0.01,,,,,100.43973993090913
B32,74,90.14227642276423,3.0073008692361474,,90.625,0.7226738934056007,8856,0.56484375,0.00078125,0.005,,,,,100.33607330173254
B32,75,90.7520325203252,2.9991163994238628,,90.828125,0.7226738934056007,8856,0.5803125,0.003125,0.015,,,,,100.30970893893391
B32,76,91.46341463414635,3.0040934841807294,,91.03125,0.7226738934056007,8856,0.5696875,0.00046875,0.005,,,,,100.33808448491618
B32,77,91.26016260162602,3.002348058592013,,91.78125,0.7226738934056007,8856,0.570625,0.00125,0.01,,,,,100.39562702504918
B32,78,91.76829268292683,3.0007408111076046,,91.265625,0.7226738934056007,8856,0.554375,0.0165625,0.005,,,,,100.37668265076354
B32,79,90.7520325203252,3.0050395523629536,,91.609375,0.7226738934056007,8856,0.58171875,0.00015625,0.005,,,,,100.30188755039126
B32,80,91.26016260162602,3.005797234977164,94.41056910569105,91.28125,0.7226738934056007,8856,0.5728125,0.00515625,0.025,,,,,125.35786535171792
B32,81,92.17479674796748,2.9989513071571907,,91.484375,0.7226738934056007,8856,0.5659375,0.01765625,0.02,,,,,100.37086151866242
B32,82,91.15853658536585,3.0017915741214907,,91.40625,0.7226738934056007,8856,0.56171875,0.00890625,0.005,,,,,100.28324390621856
B32,83,91.5650406504065,3.004640005468353,,91.765625,0.7226738934056007,8856,0.599375,0.0,0.005,,,,,100.35764662129804
B32,84,91.76829268292683,3.0025194873654746,,91.359375,0.7226738934056007,8856,0.5909375,0.0071875,0.03,,,,,100.30173361627385
B32,85,92.78455284552845,2.999682990516104,,92.140625,0.7226738934056007,8856,0.59171875,0.00390625,0.015,,,,,100.36153588723391
B32,86,90.95528455284553,3.005834509686726,,91.765625,0.7226738934056007,8856,0.5778125,0.0121875,0.03,,,,,100.35379473073408
B32,87,91.46341463414635,2.997763600775866,,91.890625,0.7226738934056007,8856,0.59453125,0.00015625,0.01,,,,,100.35601345216855
B32,88,91.66666666666667,3.0043541919894334,,91.953125,0.7226738934056007,8856,0.5715625,0.02046875,0.035,,,,,100.38711898541078
B32,89,91.46341463414635,2.9997768944841092,,91.984375,0.7226738934056007,8856,0.59859375,0.005625,0.015,,,,,100.25034548668191
B32,90,91.76829268292683,3.0024430383511675,95.6639566395664,92.296875,0.7226738934056007,8856,0.6015625,0.010625,0.045,,,,,125.36634731385857
B32,91,91.36178861788618,3.00146179082917,,92.09375,0.7226738934056007,8856,0.57828125,0.03234375,0.04,,,,,100.42166661191732
B32,92,92.3780487804878,2.993881874937352,,92.1875,0.7226738934056007,8856,0.5640625,0.00171875,0.025,,,,,100.38243851996958
B32,93,92.27642276422765,2.992775874409249,,92.359375,0.7226738934056007,8856,0.61203125,0.000625,0.035,,,,,100.35930961882696
B32,94,91.66666666666667,2.992763773212588,,92.59375,0.7226738934056007,8856,0.58890625,0.01015625,0.06,,,,,100.38328833319247
B32,95,92.17479674796748,2.999971668894698,,92.984375,0.7226738934056007,8856,0.60640625,0.000625,0.015,,,,,100.25305456621572
B32,96,92.6829268292683,3.002734230785835,,92.359375,0.7226738934056007,8856,0.62296875,0.00015625,0.02,,,,,100.30878150928766
B32,97,91.869918699187,3.005997023931364,,92.25,0.7226738934056007,8856,0.6125,0.0015625,0.0,,,,,100.41090556699783
B32,98,92.3780487804878,2.998150685938393,,93.0625,0.7226738934056007,8856,0.62265625,0.00375,0.025,,,,,100.36279233079404
B32,99,92.3780487804878,2.993628238274799,,93.078125,0.7226738934056007,8856,0.62296875,0.00015625,0.04,,,,,100.34347536414862
B32,100,93.69918699186992,2.9871969339324207,96.43179765130985,93.265625,0.7226738934056007,8856,0.62234375,0.00203125,0.045,,,,,125.86894685495645
B32,101,91.97154471544715,2.996176983282818,,92.984375,0.7226738934056007,8856,0.63109375,0.00578125,0.035,,,,,100.38003535196185
B32,102,92.07317073170732,2.998005165317194,,92.875,0.7226738934056007,8856,0.63015625,0.0021875,0.03,,,,,100.23752502212301
B32,103,91.869918699187,2.9988038985709835,,93.6875,0.7226738934056007,8856,0.63453125,0.00171875,0.015,,,,,100.3628552928567
B32,104,92.07317073170732,2.9970371626256926,,92.96875,0.7226738934056007,8856,0.6553125,0.0040625,0.035,,,,,100.32589068869129
B32,105,92.27642276422765,2.9950715778319816,,93.296875,0.7226738934056007,8856,0.631875,0.0,0.02,,,,,100.3818290331401
B32,106,91.26016260162602,2.997915021772307,,93.375,0.7226738934056007,8856,0.6365625,0.00828125,0.045,,,,,100.40355354733765
B32,107,91.76829268292683,3.001897585101244,,93.25,0.7226738934056007,8856,0.61796875,0.00375,0.06,,,,,100.33047816110775
B32,108,92.98780487804878,2.9945968244133927,,93.546875,0.7226738934056007,8856,0.62296875,0.00734375,0.075,,,,,100.4074322921224
B32,109,92.47967479674797,2.9842090878060192,,93.046875,0.7226738934056007,8856,0.57828125,0.09015625,0.07,,,,,100.24228860577568
B32,110,92.78455284552845,2.9924874964768327,96.4769647696477,93.6875,0.7226738934056007,8856,0.4353125,0.015,0.025,,,,,125.38584137102589
B32,111,92.27642276422765,3.000808072283985,,93.796875,0.7226738934056007,8856,0.58640625,0.0,0.03,,,,,100.34796915296465
B32,112,93.59756097560975,2.985297427914007,,93.84375,0.7226738934056007,8856,0.59140625,0.00203125,0.03,,,,,100.36878729285672
B32,113,92.27642276422765,3.003377577153648,,93.671875,0.7226738934056007,8856,0.6078125,0.00453125,0.06,,,,,100.46434025187045
B32,114,91.5650406504065,3.0007935539493715,,94.40625,0.7226738934056007,8856,0.59796875,0.0040625,0.08,,,,,100.44282545801252
B32,115,91.46341463414635,2.9976316738904005,,94.09375,0.7226738934056007,8856,0.61359375,0.00265625,0.065,,,,,100.39052261179313
B32,116,92.07317073170732,2.9917894805349956,,94.359375,0.7226738934056007,8856,0.64640625,0.0003125,0.05,,,,,100.2572367573157
B32,117,91.26016260162602,3.0029872975698333,,94.0625,0.7226738934056007,8856,0.6309375,0.0,0.07,,,,,100.317752443254
B32,118,92.6829268292683,2.9938908825075723,,94.578125,0.7226738934056007,8856,0.63984375,0.003125,0.095,,,,,100.41141313686967
B32,119,93.4959349593496,2.9862172274085563,,93.9375,0.7226738934056007,8856,0.6025,0.0871875,0.075,,,,,100.32811802672222
B32,120,92.88617886178862,2.9972251643979453,97.09801264679314,94.453125,0.7226738934056007,8856,0.62109375,0.00125,0.12,,,,,125.19024984678254
B32,121,93.4959349593496,2.988613710170839,,94.609375,0.7226738934056007,8856,0.63875,0.00328125,0.055,,,,,100.29667016025633
B32,122,93.1910569105691,2.9945186793319576,,94.4375,0.7226738934056007,8856,0.63609375,0.003125,0.075,,,,,100.23310348484665
B32,123,91.97154471544715,2.981786906234617,,94.625,0.7226738934056007,8856,0.530625,0.07890625,0.14,,,,,100.3652173569426
B32,124,93.29268292682927,2.9815474409398024,,94.75,0.7226738934056007,8856,0.43609375,0.0171875,0.085,,,,,100.27528338413686
B32,125,92.88617886178862,2.9903710082294497,,94.921875,0.7226738934056007,8856,0.53375,0.0015625,0.06,,,,,100.38524238718674
B32,126,93.1910569105691,2.9907245325848337,,94.5625,0.7226738934056007,8856,0.58328125,0.0,0.085,,,,,100.42500306665897
B32,127,92.27642276422765,2.992559471750647,,94.828125,0.7226738934056007,8856,0.61453125,0.00484375,0.1,,,,,100.34353170869872
B32,128,92.88617886178862,2.987554210957473,,94.78125,0.7226738934056007,8856,0.61953125,0.00328125,0.125,,,,,100.30895235110074
B32,129,94.0040650406504,2.986542376076303,,94.953125,0.7226738934056007,8856,0.63390625,0.0021875,0.1,,,,,100.39135671732947
B32,130,92.27642276422765,2.996802663415428,97.27868112014454,95.40625,0.7226738934056007,8856,0.6284375,0.0,0.105,,,,,125.6299114599824
B32,131,93.69918699186992,2.9882009223224673,,95.421875,0.7226738934056007,8856,0.63734375,0.00140625,0.11,,,,,100.29136927612126
B32,132,93.1910569105691,2.99195216729389,,95.28125,0.7226738934056007,8856,0.63015625,0.0,0.11,,,,,100.32460385514423
B32,133,94.41056910569105,2.9855963776751264,,95.5625,0.7226738934056007,8856,0.65921875,0.00375,0.095,,,,,100.47310570301488
B32,134,93.39430894308943,2.9904915608041653,,95.5,0.7226738934056007,8856,0.6484375,0.0,0.11,,,,,100.40966632915661
B32,135,93.4959349593496,2.9925569906467344,,95.828125,0.7226738934056007,8856,0.63125,0.00046875,0.11,,,,,100.28093995479867
B32,136,92.58130081300813,2.9906125824625898,,95.921875,0.7226738934056007,8856,0.6515625,0.00109375,0.095,,,,,100.41972309118137
B32,137,92.6829268292683,2.988256307152229,,96.1875,0.7226738934056007,8856,0.65875,0.0,0.075,,,,,100.35072796605527
B32,138,93.59756097560975,2.9850929752597963,,96.15625,0.7226738934056007,8856,0.65046875,0.0,0.08,,,,,100.35331442812458
B32,139,93.90243902439025,2.994361350206825,,95.875,0.7226738934056007,8856,0.64828125,0.0,0.075,,,,,100.36486797593534
B32,140,92.78455284552845,2.9938710569366207,97.75293586269196,96.28125,0.7226738934056007,8856,0.6565625,0.0,0.065,,,,,125.49176618689671
B32,141,92.88617886178862,2.9925551588942363,,95.546875,0.7226738934056007,8856,0.63890625,0.000625,0.16,,,,,100.39352106908336
B32,142,92.6829268292683,2.989209465864228,,96.34375,0.7226738934056007,8856,0.650625,0.00140625,0.135,,,,,100.42057124804705
B32,143,92.78455284552845,2.9927702318362104,,96.234375,0.7226738934056007,8856,0.66109375,0.0,0.145,,,,,100.37132764607668
B32,144,92.98780487804878,2.991613182595106,,96.171875,0.7226738934056007,8856,0.65078125,0.0,0.12,,,,,100.4755158983171
B32,145,93.80081300813008,2.9888343442746295,,96.78125,0.7226738934056007,8856,0.67109375,0.0,0.12,,,,,100.29181526787579
B32,146,93.69918699186992,2.9894722380289216,,96.28125,0.7226738934056007,8856,0.6615625,0.00140625,0.185,,,,,100.31438962928951
B32,147,93.08943089430895,2.995844482406368,,96.421875,0.7226738934056007,8856,0.67171875,0.00171875,0.16,,,,,100.40569488378242
B32,148,92.88617886178862,2.9930404453742794,,96.765625,0.7226738934056007,8856,0.65375,0.00453125,0.185,,,,,100.38414559140801
B32,149,92.88617886178862,2.994354329458097,,96.421875,0.7226738934056007,8856,0.65765625,0.0,0.18,,,,,100.50425819540396
B32,150,92.78455284552845,2.990329533088498,98.3739837398374,96.28125,0.7226738934056007,8856,0.6534375,0.00015625,0.215,,,,,125.49270738521591
B32,151,93.29268292682927,2.9886117330411586,,96.53125,0.7226738934056007,8856,0.66421875,0.0,0.18,,,,,100.36732303583995
B32,152,93.4959349593496,2.9896223874596077,,96.515625,0.7226738934056007,8856,0.6521875,0.00203125,0.145,,,,,100.32214030344039
B32,153,94.10569105691057,2.986487446761713,,96.59375,0.7226738934056007,8856,0.66140625,0.0,0.19,,,,,100.27802093885839
B32,154,93.69918699186992,2.9836511301800486,,97.046875,0.7226738934056007,8856,0.678125,0.00203125,0.13,,,,,100.31694746902213
B32,155,92.58130081300813,2.993342471316578,,97.578125,0.7226738934056007,8856,0.6759375,0.0,0.18,,,,,100.3611126607284
B32,156,92.98780487804878,2.9951790096313973,,96.9375,0.7226738934056007,8856,0.6684375,0.0,0.23,,,,,101.41612853715196
B32,157,92.98780487804878,2.9938528130694135,,97.15625,0.7226738934056007,8856,0.6728125,0.0,0.2,,,,,103.776545078028
B32,158,93.39430894308943,2.9929011352663117,,97.1875,0.7226738934056007,8856,0.66984375,0.0,0.175,,,,,100.94811792625114
B32,159,94.0040650406504,2.986484919137102,,97.109375,0.7226738934056007,8856,0.675,0.00203125,0.16,,,,,100.74970581801608
B32,160,93.1910569105691,2.9906565813514274,98.69015356820235,97.328125,0.7226738934056007,8856,0.67828125,0.0,0.21,,,,,125.78372369427234
B32,161,93.29268292682927,2.9916207208866026,,97.484375,0.7226738934056007,8856,0.6865625,0.0015625,0.175,,,,,100.42581218620762
B32,162,93.1910569105691,2.991578020700594,,97.390625,0.7226738934056007,8856,0.67625,0.004375,0.235,,,,,100.35467007663101
B32,163,93.69918699186992,2.9878328447419453,,97.453125,0.7226738934056007,8856,0.68328125,0.0,0.22,,,,,100.55260850396007
B32,164,93.1910569105691,2.990122106986317,,97.8125,0.7226738934056007,8856,0.68453125,0.0,0.195,,,,,100.43537463014945
B32,165,93.90243902439025,2.99195642393779,,97.65625,0.7226738934056007,8856,0.69265625,0.0,0.17,,,,,100.26137924706563
B32,166,93.90243902439025,2.991205924894752,,97.875,0.7226738934056007,8856,0.68796875,0.00671875,0.21,,,,,100.3405947862193
B32,167,93.39430894308943,2.9926217145066922,,97.609375,0.7226738934056007,8856,0.70078125,0.0,0.19,,,,,100.32733247708529
B32,168,93.59756097560975,2.9918767184745976,,97.734375,0.7226738934056007,8856,0.67953125,0.0,0.175,,,,,100.36827230034396
B32,169,93.69918699186992,2.991431600679227,,98.0625,0.7226738934056007,8856,0.69078125,0.0,0.165,,,,,100.28539729909971
B32,170,93.59756097560975,2.99014189379002,98.89340560072267,97.890625,0.7226738934056007,8856,0.68953125,0.0003125,0.195,,,,,125.49594767577946
B32,171,93.29268292682927,2.993949395854299,,97.90625,0.7226738934056007,8856,0.68609375,0.0,0.2,,,,,100.3047796273604
B32,172,94.51219512195122,2.9852018317555995,,97.84375,0.7226738934056007,8856,0.69578125,0.0,0.185,,,,,100.29373593209311
B32,173,93.90243902439025,2.994292441422377,,97.984375,0.7226738934056007,8856,0.69,0.0,0.145,,,,,100.33506051497534
B32,174,93.90243902439025,2.9919364277909444,,97.859375,0.7226738934056007,8856,0.69828125,0.0,0.18,,,,,100.44010828528553
B32,175,93.4959349593496,2.99341771273109,,98.09375,0.7226738934056007,8856,0.70703125,0.0,0.23,,,,,100.30141704110429
B32,176,93.4959349593496,2.995967252467706,,97.9375,0.7226738934056007,8856,0.70015625,0.0,0.185,,,,,100.27054837811738
B32,177,93.59756097560975,2.9906081087220975,,98.03125,0.7226738934056007,8856,0.684375,0.0,0.2,,,,,100.33315460104495
B32,178,94.20731707317073,2.992078226756274,,98.109375,0.7226738934056007,8856,0.69625,0.0,0.23,,,,,100.33923894912004
B32,179,93.59756097560975,2.991351501728461,,98.171875,0.7226738934056007,8856,0.693125,0.0009375,0.24,,,,,100.3133751177229
B32,180,93.69918699186992,2.9956039258135045,99.16440831074978,98.109375,0.7226738934056007,8856,0.69703125,0.0,0.225,,,,,125.36288265092298
B32,181,93.29268292682927,2.9943807629065784,,98.140625,0.7226738934056007,8856,0.69578125,0.0021875,0.24,,,,,100.50773678394035
B32,182,94.10569105691057,2.991511437951065,,98.109375,0.7226738934056007,8856,0.713125,0.0,0.275,,,,,100.38857056992128
B32,183,93.08943089430895,2.994235823794109,,98.53125,0.7226738934056007,8856,0.69984375,0.00015625,0.22,,,,,100.33036535792053
B32,184,93.69918699186992,2.995550450270738,,98.328125,0.7226738934056007,8856,0.6978125,0.0,0.185,,,,,100.25423502642661
B32,185,93.80081300813008,2.992108746272762,,98.390625,0.7226738934056007,8856,0.7090625,0.0,0.2,,,,,100.3615797450766
B32,186,94.0040650406504,2.989147729020778,,98.515625,0.7226738934056007,8856,0.70375,0.0,0.19,,,,,100.33166484395042
B32,187,93.69918699186992,2.990326187474941,,98.359375,0.7226738934056007,8856,0.71421875,0.0,0.19,,,,,100.37223748769611
B32,188,93.1910569105691,2.99373339443672,,98.46875,0.7226738934056007,8856,0.6928125,0.0,0.24,,,,,100.41384845692664
B32,189,92.98780487804878,2.994881684217996,,98.484375,0.7226738934056007,8856,0.68484375,0.0,0.225,,,,,100.37418242823333
B32,190,93.1910569105691,2.9962063572271083,99.26603432700993,98.5,0.7226738934056007,8856,0.70703125,0.0,0.195,,,,,125.45682719303295
B32,191,93.1910569105691,3.0022927416049368,,98.359375,0.7226738934056007,8856,0.694375,0.0,0.235,,,,,100.50214414997026
B32,192,92.98780487804878,3.000329570072453,,98.65625,0.7226738934056007,8856,0.71578125,0.00140625,0.245,,,,,100.36072783684358
B32,193,93.39430894308943,2.9935152239915803,,98.34375,0.7226738934056007,8856,0.704375,0.0,0.245,,,,,100.52491100970656
B32,194,93.4959349593496,2.99834183173451,,98.375,0.7226738934056007,8856,0.704375,0.0,0.24,,,,,100.33510832395405
B32,195,93.4959349593496,2.994938261140653,,98.484375,0.7226738934056007,8856,0.6975,0.0,0.235,,,,,100.31806157622486
B32,196,93.4959349593496,2.9958505901863903,,98.625,0.7226738934056007,8856,0.71171875,0.0,0.215,,,,,100.3971681529656
B32,197,93.4959349593496,2.9960058530171714,,98.65625,0.7226738934056007,8856,0.70015625,0.0,0.245,,,,,100.39373453194275
B32,198,93.4959349593496,3.0001335473564583,,98.65625,0.7226738934056007,8856,0.69875,0.0,0.31,,,,,100.56498588109389
B32,199,93.4959349593496,2.9999968540377733,,98.328125,0.7226738934056007,8856,0.70546875,0.0003125,0.29,,,,,100.36981032369658
B32,200,93.08943089430895,2.9940337902162133,99.43541102077687,98.484375,0.7226738934056007,8856,0.7078125,0.0,0.26,,,,,125.7602785746567
