run_label,family,checkpoint_role,training_seed,diagnostic_seed,completed_epoch,completed_epoch_source,raw_checkpoint_epoch,checkpoint_sha256,split,object_count,correct,whole_oa_percent,whole_aa_percent,whole_smoothed_ce,whole_near_native_percent,whole_r_mean,whole_r_p10,whole_r_median,whole_r_p90,whole_d0_mean,whole_d0_p10,whole_d0_median,whole_d0_p90,part200_r_mean,part200_r_p10,part200_r_median,part200_r_p90,part200_d0_mean,part200_d0_p10,part200_d0_median,part200_d0_p90,part200_depth_gap_mean,part200_depth_gap_p10,part200_depth_gap_median,part200_depth_gap_p90,part200_rhier_mean,part200_rhier_p10,part200_rhier_median,part200_rhier_p90,part200_whole_part_d_mean,part200_whole_part_d_p10,part200_whole_part_d_median,part200_whole_part_d_p90,part200_angle_deg_mean,part200_angle_deg_p10,part200_angle_deg_median,part200_angle_deg_p90,part200_near_native_percent,part200_rhier_active_percent,part200_whole_deeper_percent,part200_rhier_margin,part200_auxiliary_class_label_agreement_percent,part200_direction_defined_count,part400_r_mean,part400_r_p10,part400_r_median,part400_r_p90,part400_d0_mean,part400_d0_p10,part400_d0_median,part400_d0_p90,part400_depth_gap_mean,part400_depth_gap_p10,part400_depth_gap_median,part400_depth_gap_p90,part400_rhier_mean,part400_rhier_p10,part400_rhier_median,part400_rhier_p90,part400_whole_part_d_mean,part400_whole_part_d_p10,part400_whole_part_d_median,part400_whole_part_d_p90,part400_angle_deg_mean,part400_angle_deg_p10,part400_angle_deg_median,part400_angle_deg_p90,part400_near_native_percent,part400_rhier_active_percent,part400_whole_deeper_percent,part400_rhier_margin,part400_auxiliary_class_label_agreement_percent,part400_direction_defined_count,part600_r_mean,part600_r_p10,part600_r_median,part600_r_p90,part600_d0_mean,part600_d0_p10,part600_d0_median,part600_d0_p90,part600_depth_gap_mean,part600_depth_gap_p10,part600_depth_gap_median,part600_depth_gap_p90,part600_rhier_mean,part600_rhier_p10,part600_rhier_median,part600_rhier_p90,part600_whole_part_d_mean,part600_whole_part_d_p10,part600_whole_part_d_median,part600_whole_part_d_p90,part600_angle_deg_mean,part600_angle_deg_p10,part600_angle_deg_median,part600_angle_deg_p90,part600_near_native_percent,part600_rhier_active_percent,part600_whole_deeper_percent,part600_rhier_margin,part600_auxiliary_class_label_agreement_percent,part600_direction_defined_count
original_best,original,best,4780,22,230,external declaration,229,8bfdd3f721e41a97a89a9d6ba590c457861f1dbc50536ab8fda796aa5706cfdb,train,9840,9721,98.79065040650407,98.2667718764381,2.9425380901592533,0.01016260162601626,0.9774701486212773,0.9666714544535971,0.9802241380537582,0.9902263378217189,4.630671550943222,4.077683522809907,4.606503220503604,5.316312415740088,0.8043965928649085,0.5459003417135242,0.8600966232232371,0.9702076541971293,2.6607175934532075,1.225045085975503,2.5874316949842058,4.1916427720244895,1.9699539574900142,0.3463624266108606,2.008568437791197,3.5003662964222233,3.0301353373937805,1.4996337035777778,2.991431562208803,4.6536375733891395,3.431635113100303,1.8101135548650662,3.2497410625201786,5.246287631390033,24.110596358424615,3.139084992381589,11.797751798495037,67.88281836835333,0.0,99.9390243902439,97.26626016260163,5.0,78.40447154471545,9840,0.9349476332540682,0.8412373567281088,0.9682061167234429,0.9853376226426764,3.873395767727134,2.4507828242726006,4.125603895042783,4.908259424751391,0.7572757832160882,-0.0832345043828182,0.4430663709938223,2.132326885116122,1.7748148415424403,0.3676731148838784,2.0569336290061777,2.583234504382818,2.5177303984260795,1.2772000882215206,2.203023477589436,4.231474623804632,8.541564849681167,1.8356682575186059,3.377587534053852,21.086579258625424,0.01016260162601626,93.9939024390244,84.54268292682927,2.5,94.48170731707317,9840,0.9671626991556961,0.9395731073901417,0.9768810402330381,0.9889110366924594,4.386601704060406,3.468788961726045,4.448622618424497,5.189392237475337,0.24406984688281588,-0.2134191842574736,0.10855728676079757,0.960854254773673,1.4422827147099813,0.705812411892994,1.5581093799058692,1.8800858509241407,2.024250298161861,1.0149923378080978,1.735987113387972,3.4413044685869583,4.161267320605032,1.380089385569675,2.1963387869741577,7.492815471172967,0.03048780487804878,96.36178861788618,68.51626016260163,1.6666666666666667,97.57113821138212,9840
original_best,original,best,4780,22,230,external declaration,229,8bfdd3f721e41a97a89a9d6ba590c457861f1dbc50536ab8fda796aa5706cfdb,test,2468,2321,94.04376012965965,91.54476744186046,2.9904357153360808,0.04051863857374392,0.9578688539983461,0.9064503297430722,0.9794096389166664,0.9899838172651285,4.363937809697773,3.014506049685929,4.565730860170534,5.291679851585287,0.7948692914905523,0.5451416568408379,0.8440602532167998,0.9703759625435617,2.591146062932738,1.22288644390563,2.470255635081063,4.197393542300845,1.7727917467650347,0.20708940084307007,1.8206617499508826,3.3263492697610797,3.227208253234965,1.6736507302389205,3.1793382500491174,4.79291059915693,3.297572306418169,1.7658687956658405,3.125421429913139,5.120401380813817,25.835929946484743,3.3269485287178715,14.008415346751962,69.1839412912576,0.0,100.0,94.48946515397083,5.0,73.13614262560777,2468,0.9152623641835164,0.776045940689801,0.9660270104111326,0.9862452013274722,3.733615217515432,2.0707042547586125,4.058204312634537,4.97261390255346,0.6303225921823408,-0.19546975844387382,0.3986008542426793,1.9789040950741728,1.8923867437860387,0.5210959049258275,2.1013991457573207,2.6954697584438745,2.496130092800408,1.2705789088264432,2.2259729724150725,4.099249809165707,11.270822712183424,1.8681491856118928,3.7703992138881883,34.0487195860587,0.0,95.50243111831442,80.42949756888169,2.5,87.76337115072933,2468,0.9449654353874501,0.8586597659541321,0.975669714747767,0.9892518555537796,4.1500361651832804,2.576441002636446,4.396941072865081,5.220780776620169,0.21390164451449217,-0.3172488449193106,0.09293335869851305,1.0182379607326246,1.4704006479218157,0.6484287059340422,1.5737333079681537,1.9839155115859775,2.036280396458327,1.003992359864821,1.7997473636503618,3.3695164186689177,6.45603308343788,1.3779838041792964,2.4813677180104663,16.79695039909567,0.0,96.51539708265803,65.84278768233386,1.6666666666666667,91.49108589951378,2468
original_last,original,last,4780,22,300,external declaration,299,5764c7c312fc032ee6bcd2ce725874fef66ecf82a085bf2eb4b1beb0580ff62c,train,9840,9796,99.55284552845528,99.48317494810499,2.938917156302832,0.0,0.9765808657263866,0.9655812031628446,0.9778079419912082,0.9899016090217896,4.5647831113974915,4.044940423445258,4.490009940545677,5.2834643753691175,0.8486115517686729,0.6426292336841272,0.9023728348061264,0.9690809716843761,2.9129196506281527,1.5252796429755842,2.969701465596697,4.15395040534813,1.6518634607693385,0.22647488955381595,1.584220874919429,3.186611997311358,3.3481399529005444,1.8133880026886426,3.415779125080571,4.773525110446184,2.8980762026630145,1.1795349976992533,2.5901272810802354,5.113657787215451,18.489725196577655,2.0423598609629066,6.535549282484583,60.18545642296794,0.0,99.98983739837398,96.9410569105691,5.0,84.61382113821139,9840,0.9491971103355286,0.8916376938935305,0.9681733693122169,0.9839495921303565,3.976199157537894,2.859717962415036,4.124557785735494,4.817110657711913,0.5885839538595976,-0.08899451910121908,0.3081808653517921,1.7484586896258245,1.9260089788968082,0.7515413103741757,2.191819134648208,2.588994519101219,1.9310342746890345,0.8651758373904266,1.577369092010146,3.515500523088818,5.671838449020556,1.3466984743024057,2.218812018356246,11.428381298521598,0.0,96.84959349593495,83.04878048780488,2.5,96.9410569105691,9840,0.9706578021330841,0.953720055878792,0.9751606493825364,0.9880766428330259,4.392854770781497,3.742781914108866,4.375975903410042,5.1164236759949775,0.17192834061599363,-0.20036082577786787,0.07391072049589376,0.7360245778160605,1.5031822944933104,0.9306420888506064,1.592755946170773,1.8670274924445347,1.525243560780274,0.7142538797036624,1.236823462331805,2.6935821095321457,2.8029490058783617,1.0611631499628076,1.5828316246769276,4.0284465928464535,0.0,98.0589430894309,65.82317073170731,1.6666666666666667,98.9329268292683,9840
original_last,original,last,4780,22,300,external declaration,299,5764c7c312fc032ee6bcd2ce725874fef66ecf82a085bf2eb4b1beb0580ff62c,test,2468,2291,92.82820097244732,90.57034883720931,3.004513670501678,0.0,0.9493596257976359,0.8754487056852867,0.9753003055828638,0.9890148056098873,4.17282178945971,2.711886631646577,4.38168486699559,5.198847150258879,0.8340329440822516,0.5995952328748665,0.8899878458395413,0.968056604188868,2.812285385618706,1.3850319321713078,2.84373490323076,4.120836410709219,1.3605364038410042,0.07481063900732131,1.2888498623976947,2.8663918887897775,3.6394635961589965,2.133608111210223,3.7111501376023055,4.925189360992679,2.723652964073191,1.175529357917385,2.41917391924825,4.858528713760062,21.690403199965598,2.1105191740825306,8.051729510164002,67.45196184248621,0.0,100.0,91.61264181523501,5.0,76.45867098865479,2468,0.9218490603691215,0.7991757869712929,0.9646975278630368,0.9835049474395346,3.718009996873782,2.192656983242948,4.01914165703305,4.789560266481372,0.45481179258592724,-0.32160553564583105,0.2804513250897349,1.5141536231880168,2.05701855381769,0.9858463768119842,2.219548674910265,2.8216055356458316,1.9562142256518509,0.8788466182834713,1.6116714585197722,3.5905875798977327,9.845508235460125,1.3921895488119358,2.6554033989785433,31.988916862277925,0.0,97.64991896272285,75.76985413290114,2.5,88.93841166936791,2468,0.9423087590487634,0.8573426998753793,0.9727054458653406,0.986878139029286,4.026367534303136,2.5664571615973193,4.280474898393173,5.020040297177367,0.14645425515657326,-0.3753813622234562,0.06498132486585417,0.8217513433793311,1.5299822187958858,0.8449153232873365,1.6016853418008126,2.042048028890123,1.5822758860795718,0.7235609907797962,1.3061858613169435,2.8534524872463587,6.089052028614472,1.083916699301652,1.8673699366608632,16.203130077394608,0.0,97.93354943273907,61.50729335494327,1.6666666666666667,91.65316045380875,2468
source_b32_best,source_b32,best,22,22,216,stored completed_epochs,215,2ef30a4973721d21d12ee04917e8c60b01a1e79f5ead1d4b9bc0d05757717358,train,9840,9710,98.67886178861788,97.9650500747883,2.944185471171286,0.14227642276422764,0.9782585061469756,0.9683056044117087,0.9809549435020684,0.9891292908708118,4.6447273348607325,4.128788493426597,4.64452673900048,5.209380344439114,0.8176709213173883,0.5897669851223346,0.8624910889337754,0.9708010383209044,2.6964442802094424,1.354617409495304,2.605981446915488,4.212062215299344,1.9482830546512904,0.3511945612755237,2.0193587411324407,3.3784075757066345,3.051787320700602,1.6215924242933655,2.9806412588675593,4.648805438724477,3.757194962023832,2.1885888744404527,3.6237205929552925,5.524986307198989,27.165446342360685,3.8615975132461027,16.712934819324154,69.15332284684506,0.0,99.95934959349594,96.39227642276423,5.0,75.7418699186992,9840,0.9353474349264796,0.8430741930503017,0.9687158318248429,0.9841046260899933,3.8646079430269404,2.463417217639275,4.142024587498694,4.826895000230572,0.7801193918337914,-0.09098465087247412,0.49563964236813973,2.12329116219054,1.7480946722653339,0.3767088378094604,2.0043603576318603,2.5909846508724743,2.8775420697766796,1.5650725885955437,2.5309796083716702,4.71621091566295,10.410041326683455,2.101232548165463,4.49187624314874,27.10411369735506,0.02032520325203252,94.40040650406503,84.65447154471545,2.5,93.0081300813008,9840,0.9671186620227502,0.9379594851263799,0.9776897658030219,0.9875064084794856,4.373872160579655,3.44160326593215,4.484639151728482,5.069420238457506,0.2708551742810772,-0.17770418208095196,0.12442195374122811,0.991983185865392,1.4136719494167602,0.6746834808012748,1.5422447129254386,1.8443708487476187,2.3042492488377673,1.2356413233787056,1.983299976420045,3.822431888748332,5.1313339371197735,1.5451972200542838,2.6462859713337483,10.531587513241199,0.04065040650406504,96.5548780487805,69.90853658536585,1.6666666666666667,97.22560975609757,9840
source_b32_best,source_b32,best,22,22,216,stored completed_epochs,215,2ef30a4973721d21d12ee04917e8c60b01a1e79f5ead1d4b9bc0d05757717358,test,2468,2316,93.84116693679093,90.81220930232557,2.9903536641810278,0.12155591572123178,0.961213200513983,0.9235161327862035,0.9802015195477586,0.9880389497643173,4.389612769303614,3.2248303675352643,4.605348706157455,5.113248424183331,0.8090718122077961,0.5770169654927694,0.8522986460534013,0.9691151771310754,2.6214749417834415,1.3159583035126303,2.5289905429429314,4.15507467880153,1.7681378275201731,0.25550893476047026,1.8414112708216157,3.2203609548574805,3.231862172479827,1.77963904514252,3.1585887291783843,4.74449106523953,3.535033854918369,2.0143750290687,3.3740320772914094,5.3024021472387854,27.55457189602002,3.994048436499174,18.178168960248684,67.77496825740846,0.0,100.0,94.24635332252836,5.0,71.92058346839546,2468,0.9209808347143238,0.7919416590264606,0.9640791355869591,0.9835827522201063,3.7209654552745213,2.153237782180496,4.001460696702438,4.794327525557079,0.6686473140290935,-0.17159207616993732,0.4695956899631315,1.904129510465667,1.84742397826356,0.5958704895343357,2.0304043100368685,2.6715920761699374,2.771368129749004,1.5429732585427938,2.408282862086677,4.6520791672389805,12.448712935171734,2.180962454112358,5.167658166503417,34.263714724752276,0.0,96.35332252836305,81.19935170178282,2.5,86.9935170178282,2468,0.9482114120068627,0.8811653907712877,0.9769484538720276,0.9869502438209122,4.160538984146526,2.761914140368063,4.451576914892648,5.025586796634299,0.22907378515708848,-0.26009858369197414,0.11541023573594433,0.9712087900376032,1.4509842445558754,0.6954578766290638,1.5512564309307224,1.926765250358641,2.2464755465374444,1.1774716242134808,1.9182186949880986,3.8950161153281506,7.087785114953566,1.5642019382136816,2.8920810880048595,18.105037096508134,0.0,96.96110210696921,67.13938411669368,1.6666666666666667,90.88330632090762,2468
source_b32_last,source_b32,last,22,22,300,stored completed_epochs,299,94044fa4d1f2161cd8cf2855eed523893ae14686fc31dcb5895d6d75b7e38e16,train,9840,9802,99.61382113821138,99.48153409824026,2.9417573571447435,0.0,0.9724837241260151,0.9600088677852149,0.9748124400494926,0.9881326714944955,4.398895742001366,3.89204654394447,4.361878487539089,5.12116202674331,0.8559879769388171,0.6717618083702531,0.9013349734743166,0.9645182867684858,2.903550252915566,1.6278937858683271,2.9585810071760905,4.0139849683879225,1.4953454890858,0.20637957858004655,1.4158216952380265,2.9529761407453123,3.5046640648825864,2.047023859254688,3.5841783047619735,4.793620421419953,2.6871362005218637,1.0945309334667037,2.3153132823002753,4.907608879008863,17.263664596262757,2.1344547438033326,6.073112013021161,55.273672129965476,0.0,99.98983739837398,96.03658536585365,5.0,86.06707317073172,9840,0.9470910381916373,0.8957190003507424,0.9637472967647196,0.9810977084086349,3.8787788422409495,2.900264305540739,3.9920958624966647,4.652123238525094,0.5201168997604163,-0.12728802877764858,0.27747808532706664,1.5847175298724996,1.9904341724126455,0.9152824701275006,2.2225219146729334,2.6272880287776488,1.768856755923433,0.7876512492142874,1.371081385677285,3.3181378892130593,5.387569584635886,1.4008800492485918,2.293100876902079,10.261026552568733,0.0,97.6321138211382,80.97560975609757,2.5,97.40853658536585,9840,0.9676537978070638,0.9492791202306391,0.9717933536156684,0.9863260846868979,4.270079042096733,3.648877333166379,4.247141101998565,4.978552250116619,0.12881669990463324,-0.25809469981530253,0.05851678200290156,0.6426894775774296,1.5451781842505599,1.0239771890892375,1.6081498846637652,1.9247613664819694,1.3988330872090489,0.6466749208032129,1.0908815187992726,2.5669232545065803,2.7272266748600056,1.1021099167616384,1.6708340481554171,3.9649513127417193,0.0,98.57723577235772,62.30691056910569,1.6666666666666667,99.1260162601626,9840
source_b32_last,source_b32,last,22,22,300,stored completed_epochs,299,94044fa4d1f2161cd8cf2855eed523893ae14686fc31dcb5895d6d75b7e38e16,test,2468,2301,93.23338735818477,90.4203488372093,3.0031598506908943,0.0,0.94656918906565,0.8717806756274857,0.9719523448431139,0.9854637173760395,4.039438102298089,2.680904326292867,4.252874541305595,4.91696015252334,0.8381630335160881,0.6307363348317039,0.8886614885594872,0.9640118639457677,2.789057364716304,1.4852760641207452,2.8310494599496816,3.9995558540254765,1.2503807375817853,0.051609626986207295,1.1616764261073196,2.6870022383826377,3.749619262418215,2.3129977616173623,3.8383235738926804,4.948390373013793,2.5514449617418267,1.0920325649457403,2.2231336485365687,4.604463997866158,20.55296246382444,2.1587479536561163,7.865377164587999,62.46045550920233,0.0,100.0,91.45056726094003,5.0,78.9708265802269,2468,0.9203030951332589,0.8009582454204598,0.960766693562605,0.9800647442017957,3.638420357757649,2.202559558792341,3.9115657413666023,4.598402502333063,0.4010177445404396,-0.2915307010200027,0.25678273236759575,1.3777183606024455,2.105860112076852,1.1222816393975552,2.2432172676324043,2.791530701020003,1.8066699905323897,0.8055049452960976,1.46018139269369,3.348699533734837,9.584602734234279,1.4249464724776293,2.7134154350296793,29.08413770309021,0.0,98.37925445705025,75.56726094003241,2.5,89.50567260940032,2468,0.9403640875271411,0.8537295808914912,0.9693452453716402,0.9841500830354005,3.929904266120386,2.539498307450145,4.162668627553985,4.829781675810965,0.10953383617770332,-0.37840366958135063,0.05290565304648975,0.682402386905395,1.5662256656820348,0.9842642797612725,1.613761013620177,2.0450703362480183,1.4345678749429416,0.6441336167674144,1.1299020874095564,2.670415413999288,5.798751106219375,1.1283111026324542,1.884905878654255,14.390554911204756,0.0,98.13614262560777,59.52188006482982,1.6666666666666667,92.05834683954619,2468
b64_best,b64,best,22,22,267,stored completed_epochs,267,3ba1322a7cf1e0a9516fffaf77b331395220f66acaa834f2b1a88fe681d05f09,train,9840,9795,99.54268292682927,99.34452098166864,2.9400346102753305,0.04065040650406504,0.9762138418792171,0.9652535700086277,0.9775204272766262,0.9879456253176307,4.508523840240598,4.035299727870996,4.476992013132611,5.105429408046474,0.8391503311906429,0.629483720849638,0.8882334028171298,0.9679132905598475,2.829314435214627,1.4811211270931213,2.8269842282164683,4.116287108740883,1.6792094050259712,0.33546680981947097,1.6215324686357626,3.1438926840553556,3.320790594974029,1.8561073159446446,3.3784675313642376,4.664533190180529,2.942742036920809,1.3565152722158655,2.6176581288896346,5.010313601087328,18.82607054874749,2.344282645656924,7.642125057970738,58.08076894189254,0.0,100.0,97.9369918699187,5.0,84.91869918699187,9840,0.9467883513605211,0.8885330122904426,0.9680063292997328,0.9811533997627184,3.925662723297091,2.8298271576598797,4.119238204282828,4.655101940369134,0.5828611169435077,-0.08771995204449898,0.3194300217192314,1.7185142719605957,1.9313924089708574,0.7814857280394054,2.1805699782807686,2.587719952044499,2.0449996257829497,0.9717375975914657,1.6098029256024406,3.7632243808755,6.219238276439377,1.4841590935246523,2.6021884821641006,13.131981914313338,0.04065040650406504,96.84959349593495,84.84756097560975,2.5,97.10365853658537,9840,0.9706019931885916,0.9557197413097055,0.975493541164673,0.9862494849278046,4.36200931243999,3.787974608973174,4.389636831725571,4.972927254864163,0.14651452780060883,-0.24497996372109138,0.06968378082537585,0.6451286801514652,1.5278648744241496,1.0215379865152014,1.5969828858412909,1.9116466303877582,1.6191742142528291,0.8037180946979041,1.2618122617222092,2.8470326611837145,3.0423295181711345,1.1492985758994425,1.7980902362873539,5.105106916904013,0.14227642276422764,98.21138211382113,65.97560975609757,1.6666666666666667,99.04471544715447,9840
b64_best,b64,best,22,22,267,stored completed_epochs,267,3ba1322a7cf1e0a9516fffaf77b331395220f66acaa834f2b1a88fe681d05f09,test,2468,2324,94.16531604538088,91.71162790697676,2.9978359426632886,0.08103727714748785,0.9508856158181822,0.8873748782155935,0.9753431527382476,0.9863677750995542,4.139004370827536,2.8188774293843353,4.383442777268124,4.981627101403741,0.8162924719043683,0.5897180017369794,0.8633206395403842,0.9645971210992981,2.6650604636878032,1.3544691022886273,2.612478356013462,4.0162496394725595,1.4739439071397327,0.2330208463965751,1.4058100082797427,2.913565662252335,3.5260560928602676,2.086434337747665,3.594189991720257,4.766979153603425,2.7582383154658916,1.2728149094127894,2.4484082089707586,4.7619735299302794,21.646255019451054,2.457838746338526,9.916817947603699,62.62575270199307,0.0,100.0,94.69205834683954,5.0,77.71474878444084,2468,0.9191515190484968,0.7988096514809334,0.9633597767521773,0.9801247440493689,3.6591871779180023,2.1906289529061627,3.981265935714326,4.601440313452936,0.47981719290953423,-0.269546888513114,0.29795263818888573,1.5835356759095063,2.0290429212793435,0.9164643240904939,2.2020473618111143,2.7695468885131143,2.0141144994767872,0.9420093291636032,1.586923339545078,3.7926336898434587,9.692802977250773,1.5375663372739001,3.116833151911279,28.716078219632443,0.0,97.81199351701783,78.44408427876823,2.5,89.6677471636953,2468,0.9417056471634769,0.8524030128133244,0.9731922151354226,0.984222205073943,4.00105253084486,2.5297536008792783,4.298715605243475,4.834378712971974,0.13795183998267577,-0.39415845765976676,0.06934708040309578,0.7996765089278915,1.5380570548540198,0.8669901577387755,1.597319586263571,2.0608251243264344,1.6465180370126449,0.7702037823128693,1.270932188819447,2.9176709327523938,6.092917443109173,1.2054517076562896,2.0714619861250076,15.11233181210249,0.1620745542949757,98.05510534846029,62.398703403565634,1.6666666666666667,92.01782820097245,2468
b64_last,b64,last,22,22,300,stored completed_epochs,300,a479eee7bc3e0c1532c5beddd716844e12f1d26d8ed8a86bd861f37556e9428a,train,9840,9814,99.73577235772358,99.64438791913909,2.9368515318002157,0.12195121951219512,0.9801632798526202,0.9717837999326594,0.9816758787620602,0.9890193221765717,4.68851290083369,4.246797642804645,4.68347987725627,5.199259836689328,0.8572550361199889,0.6519279419528874,0.9110682759397292,0.9742955277617361,3.011418462024307,1.5572888616188514,3.067548741529143,4.341301926553233,1.6770944388093831,0.33235964015238006,1.5647512264556054,3.229091078467649,3.3229055611906166,1.770908921532351,3.4352487735443944,4.667640359847621,2.9987324874116195,1.3737818952454381,2.6144919088027154,5.194186170731954,17.710709354794275,2.0053905949346214,6.447310875398042,56.994728038919376,0.0,100.0,98.3130081300813,5.0,86.01626016260163,9840,0.9539203780053553,0.9053376578385236,0.9732327968706025,0.9835567760806707,4.089025258854315,3.0020982577494024,4.3002511233356095,4.792733397817917,0.5994876419793747,-0.04188069341865378,0.328008002229347,1.7342833141589717,1.917818262714042,0.765716685841029,2.171991997770653,2.541880693418654,2.078286787065232,1.038181787995597,1.6410591850850722,3.8059056217188596,5.4970952334090635,1.3381826242951453,2.2496346672908123,10.83007464214397,0.02032520325203252,96.67682926829269,87.09349593495935,2.5,97.58130081300813,9840,0.9751735270341806,0.9614525571764616,0.9798317484581551,0.9876524454028829,4.5319886142490855,3.9295508146598674,4.586657485429036,5.081251521171969,0.15652428658460524,-0.21090827626745653,0.07525312649700444,0.6325367342185386,1.518028001693895,1.0341299324481288,1.5914135401696623,1.8775749429341235,1.6535810465988627,0.8428210161526565,1.2963767183560013,2.850650281150338,2.633836103949211,1.0085752979654135,1.5646121328043416,4.352020694833721,0.3252032520325203,98.41463414634146,68.15040650406505,1.6666666666666667,99.28861788617887,9840
b64_last,b64,last,22,22,300,stored completed_epochs,300,a479eee7bc3e0c1532c5beddd716844e12f1d26d8ed8a86bd861f37556e9428a,test,2468,2299,93.15235008103728,90.78720930232556,3.001554274191926,0.526742301458671,0.9533231630708074,0.888860035475538,0.9783904457239879,0.9870777576160371,4.245044049534973,2.832938828732756,4.516903459154555,5.035470342923061,0.8343243415068234,0.6091943438877351,0.8901275237175184,0.9716869159011089,2.8252838622907097,1.4152790802679833,2.845079423656315,4.24332086234019,1.4197601872442618,0.17369519769068248,1.3311776003487779,2.955746329528041,3.5802398127557384,2.044253670471959,3.668822399651222,4.826304802309317,2.783028463139572,1.2805138972088383,2.4283382480997107,4.833086195252377,20.895386213878503,2.0485585557644908,9.133720503638056,61.22947898725833,0.0,100.0,93.55753646677472,5.0,77.79578606158833,2468,0.9259072728806722,0.8081212178389052,0.9679088890609879,0.9819170407337721,3.7791450771069095,2.243179762615771,4.116147706649075,4.696849998334417,0.4658989724280626,-0.28151798141868,0.30426642312336316,1.533510294939802,2.044418575843309,0.9664897050601982,2.195733576876637,2.7815179814186806,2.0524034003514706,0.9881824884370238,1.5858842253226024,3.8139300928628295,9.600309491696416,1.3941500562086948,2.7505616706448954,28.327090511024753,0.0,97.36628849270664,78.6871961102107,2.5,89.38411669367909,2468,0.9453571644339958,0.8673302818988526,0.9771162309724226,0.9851918780892045,4.109623630396538,2.644403478050798,4.45896673167459,4.898295463677802,0.13542041913843378,-0.3891481644451664,0.06481340982504014,0.7907251768275929,1.5432621929734789,0.8759414898390738,1.6018532568416266,2.0558148311118334,1.6803617019980102,0.8035536548981544,1.3051661426404406,3.0951790772191434,5.990836892859891,1.0493953116753705,1.8628589039828443,15.748241127913337,0.2025931928687196,97.81199351701783,62.23662884927067,1.6666666666666667,91.49108589951378,2468
