epoch,b64_test_oa,b64_test_aa,b64_test_ce,b64_clean_train_oa,b64_training_mode_oa,b32_test_oa,b32_test_aa,b64_coverage_percent,whole_boundary_percent,part_boundary_percent,b64_intra_contrastive,b64_intra_radial,b64_clip_step_percent,b64_sameclass_flip_percent,b64_epoch_seconds
1,19.73257698541329,12.174999999999999,3.4970689314497543,,20.414624183006534,22.569,13.925,99.51219512195122,5.320669934640523,3.6968954248366015,3.074407287672454,2.5284221780066396,15.686274509803921,3.6560457516339873,104.6467605298385
2,28.768233387358183,17.750000000000004,3.4243950611961527,,33.54779411764706,37.763,25.4,99.51219512195122,2.7573529411764706,0.3472222222222222,2.5348778067071454,2.214284234576755,0.0,4.370915032679738,98.17944956989959
3,38.006482982171796,26.158139534883716,3.337035624675658,,44.669117647058826,53.363,38.724,99.51219512195122,6.260212418300654,0.6331699346405228,2.3001773692424,2.0541137082903993,0.0,3.5334967320261437,98.30902069294825
4,58.0226904376013,41.99476744186047,3.2637148382598036,,54.39133986928104,57.982,42.388,99.51219512195122,11.805555555555555,1.5420751633986929,2.022918453403548,1.861050715633467,0.0,3.880718954248366,98.49688564008102
5,66.41004862236629,49.06337209302326,3.22612461355942,,60.94771241830066,65.397,49.668,99.51219512195122,15.185866013071895,1.8790849673202614,1.9990756013034996,1.8468954617681066,0.0,3.901143790849673,98.59454154688865
6,70.46191247974068,52.63023255813953,3.1716296487341435,,66.37050653594771,72.326,55.66,99.51219512195122,16.676879084967318,1.4501633986928104,1.9867896940193923,1.7941398308947196,0.0,3.9215686274509802,98.66645914502442
7,73.17666126418152,57.0593023255814,3.1410367515910194,,70.5984477124183,77.31,61.783,99.51219512195122,19.046160130718953,1.133578431372549,1.9099841900900298,1.6927510453205483,0.0,4.227941176470589,98.64623330999166
8,75.12155591572123,59.66046511627907,3.127737652347385,,73.97875816993465,78.849,63.48,99.51219512195122,21.12949346405229,1.460375816993464,1.8930550794196284,1.6432691181407255,0.0,3.9419934640522873,98.6337680942379
9,79.82171799027553,63.236046511627904,3.101100707170063,,75.75571895424837,83.428,69.811,99.51219512195122,21.3031045751634,1.4501633986928104,1.792617607350443,1.563108848590477,0.0,4.227941176470589,98.58906303159893
10,83.71150729335494,67.87034883720932,3.068239948544742,84.6849593495935,77.86968954248366,80.551,66.031,99.51219512195122,23.508986928104576,1.215277777777778,1.7887472958346597,1.5449038338817023,0.0,3.6560457516339873,127.44191465899348
11,83.10372771474879,67.33953488372093,3.066165364542116,,79.21772875816994,83.63,70.173,99.51219512195122,23.24346405228758,0.7455065359477124,1.7807925335722032,1.4385664061783185,0.0,3.349673202614379,98.58304736576974
12,83.99513776337115,67.73255813953489,3.059083622124052,,80.0857843137255,85.089,72.824,99.51219512195122,24.540441176470587,1.0518790849673203,1.6858957813066595,1.3752059301519706,0.0,4.084967320261438,98.34678001701832
13,83.22528363047002,68.37267441860465,3.0672631781530146,,80.75980392156863,85.13,73.166,99.51219512195122,24.540441176470587,1.1029411764705883,1.5686971759484485,1.3217185170821895,0.0,3.9828431372549016,98.308426536154
14,85.29173419773096,70.59476744186045,3.0476627214607968,,82.17933006535948,86.669,75.097,99.51219512195122,26.940359477124183,0.8986928104575163,1.6570390953737146,1.233887329210643,0.0,3.860294117647059,98.29776122095063
15,84.96758508914101,72.73662790697675,3.0459286277839004,,82.78186274509804,87.318,77.809,99.51219512195122,28.165849673202615,0.6842320261437909,1.605319064232259,1.093331769400952,0.0,4.023692810457517,98.32480615517125
16,87.03403565640194,75.87267441860466,3.0361733220191596,,83.71119281045752,86.71,76.425,99.51219512195122,28.15563725490196,0.7046568627450981,1.5920951952731688,1.048284607190712,0.0,3.799019607843137,98.21882313676178
17,86.3452188006483,75.20930232558139,3.0378992685042867,,84.375,85.292,76.909,99.51219512195122,30.85171568627451,0.7250816993464052,1.6343333319900861,0.953215145207698,0.0,4.023692810457517,98.32979852799326
18,88.24959481361427,78.12151162790698,3.0263787656780967,,84.93668300653596,88.695,79.225,99.51219512195122,32.09763071895425,0.9497549019607843,1.5461727080781476,0.8433591795513053,0.0,4.330065359477124,98.35288056312129
19,86.91247974068071,76.01918604651162,3.0319674505793293,,85.0796568627451,87.358,81.598,99.51219512195122,34.44648692810458,0.9395424836601307,1.6234960306703654,0.7545140799548891,0.0,4.003267973856209,98.33839569566771
20,87.60129659643437,79.11046511627906,3.032306122045656,89.76626016260163,85.55964052287581,89.222,82.346,99.51219512195122,35.53921568627451,1.184640522875817,1.6156688827315187,0.7072252238205835,0.0,4.044117647058823,126.80044940626249
21,88.81685575364668,79.71744186046512,3.022874955806392,,85.55964052287581,89.1,81.759,99.51219512195122,39.97140522875817,1.8280228758169936,1.635444394318886,0.7005993065004256,0.0,4.248366013071895,98.277293600142
22,88.08752025931929,79.49186046511628,3.024122224248209,,86.02941176470588,89.546,83.151,99.51219512195122,38.87867647058824,1.480800653594771,1.563860997070674,0.6755276980255943,0.0,3.77859477124183,98.33710802812129
23,86.87196110210697,77.76802325581396,3.0275888817816536,,86.49918300653596,88.574,81.926,99.51219512195122,36.83619281045752,1.9709967320261437,1.5152604969498378,0.6908517754058433,0.0,4.473039215686274,98.28467889130116
24,87.80388978930308,79.0220930232558,3.024624883259135,,86.71364379084967,88.047,82.095,99.51219512195122,38.6437908496732,2.093545751633987,1.5349220471834046,0.688793926578916,0.0,4.084967320261438,98.2410358232446
25,89.74878444084278,80.4831395348837,3.0179015925483146,,87.24468954248366,89.182,81.342,99.51219512195122,40.819035947712415,1.7258986928104576,1.5699781617697548,0.6590100812415282,0.0,4.391339869281046,98.33353655319661
26,87.92544570502432,79.82732558139534,3.0212634386467587,,87.75531045751634,90.235,84.238,99.51219512195122,39.21568627450981,2.369281045751634,1.4787903361850314,0.6756726459301765,0.0,4.125816993464052,98.35040990123525
27,88.97893030794165,81.21279069767441,3.0176070741161922,,87.80637254901961,89.182,84.059,99.51219512195122,43.3312908496732,2.21609477124183,1.556193446801379,0.6518422674412042,0.0,3.553921568627451,98.1508226422593
28,88.57374392220422,81.68313953488372,3.0151603766739656,,87.19362745098039,90.073,83.873,99.51219512195122,41.08455882352941,1.6339869281045754,1.4475055882354189,0.6007198323221767,0.0,4.064542483660131,98.37696964712813
29,89.42463533225283,82.36686046511629,3.0108179837416986,,88.2250816993464,90.964,85.726,99.51219512195122,41.962826797385624,1.9097222222222223,1.4352585667488622,0.6423816357075779,0.0,3.77859477124183,98.23885962087661
30,89.46515397082658,83.63720930232559,3.0142343867346764,92.3069105691057,88.4701797385621,89.992,84.753,99.51219512195122,39.654820261437905,3.022875816993464,1.4339344415789337,0.6779159257809321,0.0,4.084967320261438,126.8305078689009
31,89.6677471636953,82.85523255813952,3.009567916489884,,87.94934640522875,90.559,85.594,99.51219512195122,40.77818627450981,2.951388888888889,1.373205617557164,0.6734866112884548,0.0,4.105392156862745,98.22952683828771
32,89.6677471636953,81.56744186046512,3.0129099838930746,,88.67442810457517,90.478,86.001,99.51219512195122,42.7593954248366,3.043300653594771,1.3694385911514557,0.6180853722190934,0.0,3.7377450980392157,98.33121348218992
33,90.72123176661265,84.75406976744185,3.0038817214811253,,88.76633986928104,90.843,85.854,99.51219512195122,42.44281045751634,2.9105392156862746,1.327498498890135,0.6738744318680047,0.0,3.6764705882352944,98.44151352904737
34,91.12641815235008,85.91162790697673,3.0013238120117682,,89.24632352941177,90.438,85.705,99.51219512195122,42.26919934640523,2.961601307189542,1.3682445086100523,0.6151717769018575,0.0,3.9419934640522873,98.28853298863396
35,90.51863857374393,84.96802325581395,3.0044167470700156,,89.328022875817,91.653,86.897,99.51219512195122,42.23856209150327,2.971813725490196,1.2860424492289038,0.6300988074367732,0.0,3.8398692810457518,98.12536592409015
36,90.88330632090762,85.49941860465114,3.0058593452459794,,89.1952614379085,90.316,84.129,99.51219512195122,45.14910130718954,2.7062908496732025,1.4371806379237206,0.6443250677457043,0.0,4.370915032679738,98.26128822984174
37,90.03241491085899,84.76453488372093,3.0065172997633876,,89.47099673202614,90.478,84.944,99.51219512195122,43.06576797385621,3.3190359477124183,1.2705195115672216,0.6306040049134906,0.0,4.084967320261438,98.22156680794433
38,90.27552674230145,85.20406976744187,3.0055246739565264,,89.82843137254902,90.64,84.68,99.51219512195122,40.870098039215684,3.3598856209150325,1.2131892424198538,0.6943018556712499,0.0,4.309640522875817,98.35879601119086
39,90.51863857374393,85.525,3.0091832232823057,,89.79779411764706,90.397,85.147,99.51219512195122,41.20710784313725,3.298611111111111,1.30638485270388,0.66120835038182,0.0,3.7173202614379086,98.28047452587634
40,91.00486223662885,85.5203488372093,3.0005049902577454,93.98373983739837,89.99183006535948,90.64,86.164,99.51219512195122,44.720179738562095,3.3190359477124183,1.2582617649455476,0.6048569886707792,0.0,3.8398692810457518,126.94848949322477
41,89.9513776337115,85.03430232558141,3.0097340100008627,,90.90073529411765,90.032,84.267,99.51219512195122,40.57393790849673,2.440767973856209,1.3048678229447284,0.628511747479244,0.0,4.064542483660131,98.2764112688601
42,90.3970826580227,86.41162790697675,3.0054471156585545,,90.54330065359477,90.194,86.409,99.51219512195122,43.68872549019608,3.931781045751634,1.252804945594345,0.6955089634223506,0.0,4.309640522875817,98.28731693699956
43,90.96434359805511,85.67209302325581,3.00566331378065,,90.4718137254902,90.6,86.655,99.51219512195122,44.78145424836602,3.3905228758169934,1.2674277635181652,0.6585474893012467,0.0,3.615196078431373,98.31934404792264
44,91.49108589951378,86.99593023255814,3.0014105287517876,,91.16625816993465,90.478,86.402,99.51219512195122,42.15686274509804,2.144607843137255,1.228672493906582,0.609882572945816,0.0,4.166666666666666,98.30111104110256
45,90.11345218800648,84.49476744186046,3.010006436652457,,90.51266339869281,91.086,85.158,99.51219512195122,45.97630718954248,4.340277777777778,1.274864909208678,0.5766822731767605,0.0,4.166666666666666,98.2953060711734
46,91.41004862236629,86.60755813953487,3.000732591897974,,90.81903594771242,90.154,85.445,99.51219512195122,43.66830065359477,3.23733660130719,1.2337970708320343,0.6494757824522608,0.0,4.248366013071895,98.31887198099867
47,90.84278768233388,86.02558139534884,3.0044479331475604,,91.24795751633987,91.086,87.259,99.51219512195122,43.38235294117647,2.951388888888889,1.2339406118673437,0.6541244352808575,0.0,3.860294117647059,98.31293587619439
48,90.59967585089142,86.59709302325582,3.0096750270991888,,91.36029411764706,90.316,86.045,99.51219512195122,47.93709150326798,4.013480392156863,1.2356970330663757,0.6176998578620697,0.0,3.799019607843137,98.34025387233123
49,91.20745542949757,86.9970930232558,3.000238117947571,,90.78839869281046,88.655,84.885,99.51219512195122,43.208741830065364,3.8909313725490198,1.1676156795492358,0.7007110172067008,0.0,3.8194444444444446,98.26122147077695
50,89.99189627228525,85.3093023255814,3.0078905575472494,93.95325203252033,91.53390522875817,90.357,86.574,99.51219512195122,45.28186274509804,3.3190359477124183,1.2127236067469602,0.6170206560442845,0.0,3.6560457516339873,126.96566375205293
51,91.16693679092383,86.60872093023256,3.0022297423314814,,91.39093137254902,91.41,86.875,99.51219512195122,43.555964052287585,2.3284313725490198,1.232332862377946,0.5790729223707922,0.0,3.8194444444444446,98.25492449803278
52,92.26094003241491,87.54069767441861,2.9952697610932386,,91.45220588235294,91.167,86.892,99.51219512195122,44.00531045751634,1.787173202614379,1.2433619389152215,0.5502793305474364,0.0,4.248366013071895,98.36327137285843
53,91.89627228525121,87.59186046511627,2.9984110062473985,,91.64624183006535,91.288,86.53,99.51219512195122,44.86315359477124,1.5522875816993464,1.1319737247392243,0.45782627942028387,0.0,3.799019607843137,98.24409288400784
54,91.20745542949757,87.93313953488372,3.0016362431370074,,91.58496732026144,87.804,83.255,99.51219512195122,44.424019607843135,1.5420751633986929,1.1686043907809103,0.5443971763711934,0.0,3.799019607843137,98.33452860219404
55,92.22042139384116,87.95697674418605,2.9950153630595153,,91.75857843137256,91.653,87.649,99.51219512195122,46.364379084967325,1.8688725490196079,1.2263249729583465,0.5607929726685185,0.6535947712418301,3.615196078431373,98.34930679667741
56,92.01782820097245,88.80813953488372,2.9989239609222165,,92.04452614379085,90.802,86.474,99.51219512195122,49.407679738562095,1.1540032679738563,1.270956576844446,0.4133693240582943,0.0,3.8398692810457518,98.27899571880698
57,92.26094003241491,88.43662790697675,3.000389365361614,,91.75857843137256,91.41,87.417,99.51219512195122,51.123366013071895,0.9497549019607843,1.2704610214903465,0.3779664524995229,0.0,4.166666666666666,98.26270941691473
58,92.17990275526742,88.12383720930234,2.9996038321737726,,92.1875,91.653,86.77,99.51219512195122,51.59313725490197,0.857843137254902,1.2173171216755911,0.3657147333732033,0.0,3.901143790849673,98.42880891216919
59,91.81523500810373,87.16220930232559,2.9956955577411373,,92.28962418300654,92.342,87.712,99.51219512195122,54.166666666666664,0.5310457516339869,1.2509975417766697,0.33178621231048716,0.0,4.697712418300654,98.26727942097932
60,92.50405186385737,88.64069767441862,2.993418882886247,95.96544715447155,91.7892156862745,88.412,84.272,99.51219512195122,50.878267973856204,0.8986928104575163,1.165062393725308,0.4339758269123587,1.3071895424836601,4.166666666666666,126.70689171599224
61,91.24797406807131,86.62441860465115,3.0058441726276515,,92.37132352941177,91.532,87.951,99.51219512195122,51.889297385620914,1.7463235294117647,1.163739801427118,0.4418873440815148,0.6535947712418301,4.084967320261438,98.27169070579112
62,90.15397082658022,87.20813953488373,3.011781765923894,,92.64705882352942,90.721,86.302,99.51219512195122,54.19730392156863,0.3676470588235294,1.1371467701749864,0.29589582433059713,0.0,4.166666666666666,98.88731576688588
63,91.41004862236629,87.34767441860465,3.001219086361086,,92.27941176470588,91.126,87.116,99.51219512195122,56.321486928104584,0.43913398692810457,1.178240823395112,0.2947901736068375,0.0,3.901143790849673,98.25379918701947
64,90.80226904376013,87.14476744186047,3.010288271370738,,92.16707516339869,91.451,87.18,99.51219512195122,55.11642156862745,1.4093137254901962,1.1309809624369627,0.3758263107924874,0.0,4.248366013071895,98.23562031798065
65,91.3290113452188,87.10872093023256,2.999004822302869,,92.09558823529412,90.681,85.167,99.51219512195122,55.41258169934641,1.8995098039215685,1.1377723974729674,0.39199128392718585,0.0,4.003267973856209,98.37363568879664
66,91.9773095623987,88.46220930232558,3.002886676324631,,92.76960784313727,91.248,88.117,99.51219512195122,57.87377450980392,0.13276143790849673,1.170660750538695,0.29544090419959007,0.0,4.227941176470589,98.29936593631282
67,92.09886547811993,88.71627906976744,2.998751230332608,,92.26919934640523,91.288,88.373,99.51219512195122,54.442401960784316,4.17687908496732,1.0509607809431412,0.4495451590472382,0.0,3.8194444444444446,98.27753784507513
68,92.30145867098865,87.79069767441861,3.00205633242281,,92.61642156862744,91.775,87.828,99.51219512195122,51.94035947712419,1.6748366013071896,1.074746345967249,0.37417258581548346,0.0,3.615196078431373,98.38242598995566
69,90.6807131280389,86.25523255813953,3.0109100102219046,,92.57557189542483,91.856,87.492,99.51219512195122,55.545343137254896,0.030637254901960783,1.1534162195874196,0.2630617347077217,0.0,4.003267973856209,98.28017440484837
70,91.9773095623987,87.94593023255814,3.0059700974382495,96.0569105691057,92.94321895424837,90.843,85.401,99.51219512195122,56.18872549019608,0.8067810457516341,1.068257656557108,0.3045522898946907,1.3071895424836601,4.023692810457517,126.83478195779026
71,91.9773095623987,88.31686046511628,2.998703607284076,,92.95343137254902,92.545,88.595,99.51219512195122,59.129901960784316,0.0,1.100194106401961,0.23402009707163363,1.3071895424836601,3.6968954248366015,98.26996730687097
72,91.00486223662885,87.26395348837211,3.0002397582828517,,92.40196078431373,91.126,86.747,99.51219512195122,56.26021241830066,2.062908496732026,1.1104130237515455,0.36572818512863975,1.3071895424836601,4.166666666666666,98.23541862517595
73,92.50405186385737,89.01976744186048,2.999879787188488,,92.92279411764706,91.451,87.005,99.51219512195122,56.59722222222222,0.44934640522875813,1.0630038932842367,0.2883167674679772,0.6535947712418301,3.901143790849673,98.30026246095076
74,91.00486223662885,86.58372093023257,3.007885623403268,,92.67769607843137,90.519,87.583,99.51219512195122,58.149509803921575,0.377859477124183,1.0773012399478676,0.280266426722793,0.6535947712418301,3.799019607843137,98.31202147807926
75,91.16693679092383,87.83779069767442,2.9998700900827466,,93.12704248366013,91.734,88.024,99.51219512195122,58.82352941176471,0.0,1.0268813745648253,0.21909098101938082,0.0,3.880718954248366,98.27734971186146
76,92.22042139384116,88.86569767441858,2.9971016577808745,,93.06576797385621,92.099,88.549,99.51219512195122,58.323120915032675,0.8169934640522877,1.0897756411748774,0.31576140166497696,1.3071895424836601,4.044117647058823,98.2479020669125
77,92.05834683954619,88.19941860465116,3.0017568099054373,,92.86151960784314,91.37,87.968,99.51219512195122,57.27124183006536,0.46977124183006536,1.066085135625079,0.30438447362603316,1.3071895424836601,4.003267973856209,98.28098735958338
78,91.16693679092383,87.63372093023257,3.002730392366406,,93.43341503267973,91.329,88.049,99.51219512195122,60.866013071895416,0.0,1.059990325979158,0.24792363605419404,0.0,3.6968954248366015,98.22026068810374
79,92.22042139384116,87.62441860465117,2.9970283624225535,,93.23937908496733,90.113,86.484,99.51219512195122,60.600490196078425,0.0,1.0787868229002735,0.22828296495272832,0.0,4.309640522875817,98.27577420789748
80,90.27552674230145,87.42267441860466,3.007626322525247,95.57926829268293,93.76021241830065,91.045,87.78,99.51219512195122,59.6609477124183,0.26552287581699346,0.9178306684384938,0.2329978489870924,0.6535947712418301,3.9419934640522873,126.89804523717612
81,91.00486223662885,87.27616279069767,3.0052657660634243,,93.01470588235294,88.898,86.773,99.51219512195122,53.4109477124183,5.330882352941177,1.0221941036726134,0.5958366674291932,1.9607843137254901,3.901143790849673,98.31513423519209
82,91.61264181523501,88.20406976744184,2.999695699450649,,93.49468954248366,92.058,89.312,99.51219512195122,49.989787581699346,3.8500816993464055,1.0438221685490967,0.6632750840748057,1.9607843137254901,3.5130718954248366,98.3381857490167
83,91.41004862236629,88.01627906976745,3.0016959069034077,,92.96364379084967,92.382,88.666,99.51219512195122,49.04003267973856,1.1029411764705883,1.0566050813478582,0.39894424216955704,1.3071895424836601,3.6968954248366015,98.32822732627392
84,90.35656401944895,87.46627906976745,3.00535612515924,,93.3517156862745,90.964,87.729,99.51219512195122,54.06454248366013,3.5845588235294117,1.0690165152347166,0.4869145554386907,1.3071895424836601,3.9419934640522873,98.29848676593974
85,91.85575364667747,88.79127906976746,2.9996037247501666,,93.29044117647058,92.18,88.891,99.51219512195122,55.03472222222222,0.4187091503267974,1.0389463009397968,0.3180967172839088,0.0,3.6764705882352944,98.36011821962893
86,91.93679092382496,87.70406976744185,2.9998456991279143,,93.484477124183,91.086,88.641,99.51219512195122,56.63807189542484,2.6654411764705883,1.0013416157244077,0.36616656889079835,3.2679738562091507,3.8398692810457518,98.21096432581544
87,91.24797406807131,87.56511627906977,3.0029118795255787,,93.42320261437908,91.126,86.917,99.51219512195122,58.619281045751634,0.40849673202614384,1.0247673940619613,0.2552997632913925,1.3071895424836601,4.146241830065359,98.32968721305951
88,90.31604538087521,86.70406976744187,3.0132070808781606,,93.40277777777779,91.937,87.734,99.51219512195122,47.75326797385621,5.586192810457517,1.014110332415774,0.8243997241035591,1.9607843137254901,4.125816993464052,98.27667268086225
89,91.73419773095624,88.21627906976745,3.0020400654747963,,93.64787581699346,91.815,87.358,99.51219512195122,52.62459150326797,0.5821078431372549,1.0117258304863974,0.31640607186781816,0.0,4.044117647058823,98.31188365677372
90,92.38249594813614,88.89534883720928,3.0033268719863275,96.58536585365853,93.80106209150327,90.762,87.562,99.51219512195122,58.98692810457516,0.3676470588235294,1.0354083081086476,0.2747307018151665,0.0,4.391339869281046,126.83483990468085
91,92.05834683954619,87.63720930232557,2.9978115566352583,,93.78063725490196,91.329,86.838,99.51219512195122,59.22181372549019,0.5208333333333333,1.0375556810424218,0.29421764848376414,1.3071895424836601,4.125816993464052,98.13556703692302
92,92.17990275526742,88.58720930232558,3.005113654237126,,93.57638888888889,90.964,86.584,99.51219512195122,52.798202614379086,3.482434640522876,1.020121015705704,0.484497517444729,1.9607843137254901,4.166666666666666,98.2455309429206
93,92.3419773095624,89.48720930232558,2.991964512165014,,93.83169934640523,91.329,89.233,99.51219512195122,54.83047385620915,3.451797385620915,1.0014286753204134,0.5382588913457261,1.3071895424836601,3.553921568627451,98.30264257919043
94,92.74716369529983,88.79069767441861,2.994417515913903,,94.05637254901961,90.316,87.352,99.51219512195122,52.17524509803921,2.21609477124183,0.9791404072170943,0.3757197139236857,1.9607843137254901,3.8398692810457518,98.29028197517619
95,92.50405186385737,88.90755813953488,2.9926117776471948,,94.04616013071896,90.357,87.195,99.51219512195122,41.85049019607843,2.9309640522875817,0.9750335833021239,0.890026918886339,1.9607843137254901,3.860294117647059,98.22346756560728
96,93.11183144246354,89.0203488372093,2.990385538175388,,94.3423202614379,91.167,87.985,99.51219512195122,56.99550653594771,0.13276143790849673,1.064843004240709,0.2824520287803965,0.6535947712418301,3.758169934640523,98.31713949190453
97,91.53160453808752,87.72558139534883,3.004127556539625,,94.12785947712419,92.545,88.183,99.51219512195122,59.446486928104584,0.0,1.0135425812278698,0.2274651932682282,0.0,4.3504901960784315,98.18327810009941
98,91.53160453808752,88.1046511627907,3.0014029345210984,,94.28104575163398,91.491,88.55,99.51219512195122,58.81331699346405,0.5616830065359477,0.9723515598699938,0.2750612149148985,0.0,4.084967320261438,98.27368981391191
99,90.92382495948137,87.79127906976744,3.0059900106062187,,93.53553921568627,93.031,89.045,99.51219512195122,58.670343137254896,0.46977124183006536,0.9841781211834327,0.25950122334890896,0.0,3.880718954248366,98.26157439500093
100,91.49108589951378,88.19709302325582,3.008124933443734,96.16869918699187,93.8827614379085,90.519,86.884,99.51219512195122,60.896650326797385,0.0,0.9968501907937667,0.22639836799475102,0.0,3.9624183006535945,126.82993276510388
101,92.58508914100486,88.27151162790699,2.992217937590044,,94.6078431372549,90.6,88.504,99.51219512195122,64.38929738562092,0.0,0.9066574016427682,0.2178557705913299,0.0,3.553921568627451,98.34150698781013
102,92.09886547811993,88.65755813953487,3.000576944753069,,94.52614379084967,91.126,89.804,99.51219512195122,61.95874183006536,0.030637254901960783,0.9576031203363456,0.23057343422441312,0.6535947712418301,4.003267973856209,98.1388873513788
103,91.77471636952998,88.98197674418604,3.0053905609940785,,94.12785947712419,92.545,89.763,99.51219512195122,63.0718954248366,0.0,1.040356237903919,0.24786609205496468,0.0,4.554738562091503,98.37521034432575
104,91.61264181523501,88.57790697674419,3.0146689005377225,,94.28104575163398,92.585,89.205,99.51219512195122,61.9281045751634,0.0,0.9379254769460827,0.22217533860379965,0.0,4.105392156862745,98.323781196028
105,92.17990275526742,88.55406976744187,3.0031149839466162,,94.15849673202614,91.937,88.809,99.51219512195122,60.91707516339869,0.20424836601307192,0.9452604134293163,0.26852080672735873,3.2679738562091507,4.166666666666666,98.3353994358331
106,92.46353322528363,89.44011627906978,2.998344107230633,,94.33210784313727,92.504,88.662,99.51219512195122,61.36642156862745,0.0,0.9172755863541872,0.20867823278592304,0.0,3.7377450980392157,98.06045545777306
107,92.01782820097245,89.04127906976743,2.9936389598506388,,94.31168300653596,91.572,88.745,99.51219512195122,60.988562091503276,4.136029411764706,1.0175985233261695,0.44659995712534667,1.3071895424836601,4.084967320261438,98.2396304407157
108,93.23338735818477,89.69593023255815,2.9913987669025093,,94.37295751633987,92.301,88.417,99.51219512195122,59.80392156862745,1.3582516339869282,0.9509442548931034,0.32542532564329557,1.9607843137254901,3.9828431372549016,98.27189220767468
109,92.46353322528363,89.34593023255815,2.9914909220591936,,94.27083333333334,91.045,87.048,99.51219512195122,55.841503267973856,2.7879901960784315,0.9535859045055177,0.3843528198966988,3.2679738562091507,4.187091503267974,98.31515608774498
110,90.3970826580227,88.20813953488373,3.0100315923242555,96.59552845528455,94.51593137254902,89.587,87.741,99.51219512195122,61.979166666666664,0.28594771241830064,0.9178719097882314,0.23166093182768308,1.3071895424836601,4.003267973856209,126.8456127489917
111,92.6256077795786,89.45348837209302,2.9991859249782715,,94.28104575163398,91.653,88.489,99.51219512195122,62.2140522875817,0.010212418300653595,1.0180787052593978,0.26761060569654493,0.0,4.187091503267974,98.28729717992246
112,92.22042139384116,88.68372093023255,3.00171066760244,,94.79166666666666,91.532,88.525,99.51219512195122,64.39950980392157,0.11233660130718953,0.9798273609744178,0.23977287940291409,1.3071895424836601,3.9419934640522873,98.28152674715966
113,91.36952998379255,87.62616279069766,3.002819527683227,,94.7406045751634,91.896,88.251,99.51219512195122,60.75367647058824,0.7455065359477124,0.8310149577902812,0.20931509521856806,0.0,4.125816993464052,98.28104321705177
114,90.92382495948137,87.20406976744187,3.0057770606957535,,94.30147058823529,90.883,88.997,99.51219512195122,59.52818627450981,2.2263071895424837,0.9394443775314132,0.405671257976126,1.9607843137254901,4.105392156862745,98.28522428311408
115,92.42301458670988,89.56162790697674,2.999583361407733,,94.75081699346404,92.707,89.809,99.51219512195122,61.28472222222222,0.0,0.9124894369077059,0.21628084191991612,0.0,4.309640522875817,98.3023679270409
116,91.49108589951378,87.97325581395349,3.006027364267136,,94.83251633986927,92.788,89.424,99.51219512195122,61.13153594771242,0.26552287581699346,0.9974825079339782,0.2902915579893815,1.3071895424836601,4.391339869281046,98.26409587496892
117,91.57212317666126,88.96220930232559,3.0029403089124536,,95.03676470588235,91.288,88.475,99.51219512195122,62.162990196078425,0.20424836601307192,0.9497960166019552,0.24037836527366654,0.6535947712418301,3.901143790849673,98.3266013409011
118,93.59805510534846,89.59476744186047,2.994931146043626,,94.41380718954248,93.031,89.42,99.51219512195122,62.408088235294116,0.04084967320261438,0.9880968908858455,0.2803023704540691,3.2679738562091507,3.860294117647059,98.4078551819548
119,92.01782820097245,89.46220930232558,3.0037830675826855,,94.49550653594771,91.896,89.089,99.51219512195122,53.33946078431373,9.160539215686274,0.922118605303219,0.7349290943710632,1.9607843137254901,3.758169934640523,98.349437255878
120,92.38249594813614,89.025,3.000402816110917,96.880081300813,94.77124183006535,91.288,87.559,99.51219512195122,60.56985294117647,0.12254901960784313,0.9734121219200247,0.2391047424155902,0.0,4.003267973856209,126.86567127984017
121,91.77471636952998,88.66220930232558,3.001718564010323,,94.76102941176471,92.626,88.997,99.51219512195122,62.60212418300654,0.0,0.921811009933746,0.20093156978049698,1.3071895424836601,4.044117647058823,98.36527339601889
122,92.30145867098865,89.12558139534885,2.9985696423188988,,94.62826797385621,90.883,89.022,99.51219512195122,61.060049019607845,0.10212418300653596,0.9368055280711916,0.26411543729307213,4.57516339869281,4.023692810457517,98.30902006709948
123,92.17990275526742,88.7110465116279,3.002280565289663,,94.56699346405229,90.681,87.901,99.51219512195122,62.87785947712419,0.0,0.934879300348899,0.2421343420187827,0.6535947712418301,4.125816993464052,98.33285058988258
124,92.50405186385737,89.33255813953487,3.006225032203588,,94.88357843137256,91.37,88.462,99.51219512195122,64.1952614379085,0.05106209150326798,0.9109875859777912,0.22785924210706177,0.0,3.6764705882352944,98.27951580798253
125,91.73419773095624,89.61976744186046,2.9905607518732453,,94.92442810457517,91.896,89.642,99.51219512195122,59.681372549019606,2.920751633986928,0.9062982783013699,0.5442315391417033,1.3071895424836601,4.064542483660131,98.25882696080953
126,92.38249594813614,90.00290697674419,2.996726340567467,,95.13888888888889,92.626,87.541,99.51219512195122,48.845996732026144,6.576797385620916,0.8572580395570768,0.6610044271995624,0.6535947712418301,3.4722222222222223,98.33361606486142
127,92.82820097244732,90.21569767441859,2.9951546845211974,,94.97549019607843,91.653,89.454,99.51219512195122,58.568218954248366,0.29616013071895425,0.91776878586392,0.24216934512643254,1.3071895424836601,4.309640522875817,98.28961252328008
128,93.67909238249595,90.35639534883721,2.9925214370993394,,94.82230392156863,92.301,88.834,99.51219512195122,58.8031045751634,0.010212418300653595,0.8988104358412861,0.2243176358782388,1.3071895424836601,4.309640522875817,98.36097424896434
129,91.24797406807131,88.64709302325583,3.004868134880375,,95.22058823529412,92.18,89.043,99.51219512195122,61.795343137254896,0.0,0.8506032682322209,0.1998237733747445,0.0,4.064542483660131,98.28265330614522
130,91.85575364667747,88.64651162790696,2.998994202822495,97.32723577235772,95.22058823529412,92.585,90.113,99.51219512195122,63.551879084967325,0.010212418300653595,0.888418407806384,0.21233988446153068,1.3071895424836601,4.125816993464052,126.7123379339464
131,91.36952998379255,87.82906976744185,3.000889655256967,,94.69975490196079,91.207,88.037,99.51219512195122,58.66013071895425,1.5012254901960784,0.9833054468522664,0.4004155750952515,4.57516339869281,4.248366013071895,98.30364450998604
132,92.22042139384116,89.94127906976743,2.9923803091435612,,94.95506535947712,92.504,89.058,99.51219512195122,56.43382352941176,4.146241830065359,0.9073151118225522,0.450492145201447,5.228758169934641,3.9419934640522873,98.30087046697736
133,92.38249594813614,88.95872093023256,2.9963524457508006,,95.43504901960785,92.018,89.587,99.51219512195122,58.935866013071895,0.5616830065359477,0.8726846792436893,0.2669401512621275,1.3071895424836601,4.023692810457517,98.38476473977789
134,91.81523500810373,89.85755813953489,3.00530697885943,,95.34313725490196,92.464,89.454,99.51219512195122,58.854166666666664,0.7761437908496732,0.8653293717530818,0.26627793814378237,3.9215686274509802,3.329248366013072,98.33804869605228
135,92.66612641815234,90.01976744186047,3.000064525264202,,95.21037581699346,91.775,89.119,99.51219512195122,57.96568627450981,3.6662581699346406,0.9005317690423111,0.40002957201909783,1.9607843137254901,3.901143790849673,98.26519097108394
136,92.70664505672609,89.89593023255814,3.0016280120929983,,95.56781045751634,91.045,88.603,99.51219512195122,61.95874183006536,0.377859477124183,0.9301017429314408,0.25158437796764904,0.0,4.187091503267974,98.38713494315743
137,92.78768233387358,89.3453488372093,2.9981653566685065,,95.21037581699346,93.031,89.895,99.51219512195122,62.060866013071895,2.624591503267974,0.8537689946056192,0.3525732452524643,5.228758169934641,3.880718954248366,98.2196981641464
138,93.354943273906,89.99186046511628,2.9946281967905004,,95.55759803921569,93.112,89.195,99.51219512195122,59.55882352941176,0.24509803921568626,0.9055198460232978,0.27653366668162005,0.6535947712418301,3.6968954248366015,98.28852796414867
139,92.17990275526742,88.33197674418605,2.9989378278413894,,95.58823529411765,91.653,89.083,99.51219512195122,63.26593137254902,0.0,0.777705746635892,0.1988309517843661,0.6535947712418301,3.6764705882352944,98.34817849611863
140,92.82820097244732,89.33313953488373,2.9941236922574777,97.72357723577235,95.64950980392157,92.585,89.704,99.51219512195122,59.283088235294116,5.0755718954248366,0.9480274899138345,0.46142874168706877,2.6143790849673203,4.166666666666666,126.82114363601431
141,91.89627228525121,89.71569767441862,2.998903984768464,,95.69035947712419,91.896,89.145,99.51219512195122,62.29575163398693,0.20424836601307192,0.7881698896195374,0.19458049801147842,0.0,3.6764705882352944,98.41018561087549
142,93.51701782820098,89.24883720930232,2.993747009836874,,95.7107843137255,93.031,88.52,99.51219512195122,61.529820261437905,0.49019607843137253,0.8208974222439567,0.22150713537691855,1.9607843137254901,3.901143790849673,98.28504774766043
143,92.01782820097245,88.73372093023256,3.0005944926696233,,95.58823529411765,92.747,89.349,99.51219512195122,61.71364379084967,0.0,0.792017756236924,0.16831473771214875,0.6535947712418301,4.064542483660131,98.3069837228395
144,92.17990275526742,88.94593023255814,2.9986616444549066,,95.70057189542483,93.355,90.528,99.51219512195122,62.64297385620915,0.3574346405228758,0.8912634379139134,0.304038094673184,2.6143790849673203,3.799019607843137,98.31579731311649
145,92.70664505672609,88.70290697674419,2.995738998610931,,95.85375816993465,93.193,89.578,99.51219512195122,61.84640522875817,0.4595588235294118,0.9393061688717674,0.2878235887151723,1.9607843137254901,3.758169934640523,98.20716674486175
146,93.76012965964344,90.08197674418605,2.992888241185168,,95.72099673202614,92.707,89.404,99.51219512195122,61.3357843137255,0.4595588235294118,0.8191684487403608,0.1987586429622633,0.6535947712418301,4.125816993464052,98.3948146677576
147,92.30145867098865,88.9639534883721,2.998844666457833,,96.00694444444444,92.585,89.833,99.51219512195122,62.70424836601307,0.061274509803921566,0.8342113807505253,0.19587523039746907,1.9607843137254901,4.493464052287582,98.23889322485775
148,91.85575364667747,89.46279069767442,2.99222229133742,,95.76184640522875,93.395,89.77,99.51219512195122,62.7859477124183,1.3174019607843137,0.7921230097611746,0.28708455356117946,4.57516339869281,3.574346405228758,98.31335566891357
149,92.58508914100486,89.86976744186046,2.9978834632150164,,95.99673202614379,91.126,88.945,99.51219512195122,60.83537581699346,2.0322712418300655,0.8812156492004207,0.3757061389901864,0.6535947712418301,3.349673202614379,98.30925029702485
150,93.15235008103728,90.0953488372093,2.9939109757421853,98.130081300813,95.8843954248366,93.436,90.261,99.51219512195122,63.95016339869281,0.0,0.8057224549888785,0.1854245546182581,0.0,4.023692810457517,126.80311761284247
151,93.354943273906,89.49941860465115,2.992243984723207,,95.58823529411765,92.626,88.966,99.51219512195122,60.74346405228758,0.0,0.7968664719583163,0.1963997936740615,1.9607843137254901,4.044117647058823,98.25812263134867
152,93.39546191247975,89.54476744186046,2.988969952399379,,96.0375816993464,92.909,89.737,99.51219512195122,64.9203431372549,0.0,0.806837148720922,0.20456726542290518,0.0,3.758169934640523,98.30046411417425
153,92.54457050243111,90.01627906976744,2.9982709579375033,,95.95588235294117,91.815,88.954,99.51219512195122,63.34763071895425,0.40849673202614384,0.7208212455308515,0.2018219171566706,1.9607843137254901,3.329248366013072,98.18496378092095
154,92.74716369529983,89.91686046511627,2.997327310725974,,96.09885620915033,92.747,89.266,99.51219512195122,53.58455882352941,5.310457516339869,0.8711831876460243,0.7053425069289659,3.2679738562091507,4.861111111111112,98.23873266810551
155,93.0713128038898,90.20290697674419,2.997272266561054,,95.8843954248366,92.423,89.649,99.51219512195122,61.815767973856204,0.0,0.8044858516431322,0.19754293109320736,1.9607843137254901,4.146241830065359,98.372385723982
156,91.36952998379255,88.60755813953489,3.0050733723169016,,96.04779411764706,93.517,90.208,99.51219512195122,58.72140522875817,3.043300653594771,0.8984530808197128,0.4164668677581681,3.2679738562091507,3.880718954248366,98.2157752555795
157,93.39546191247975,90.0860465116279,2.994868344966944,,96.1703431372549,92.666,89.183,99.51219512195122,63.74591503267973,0.0,0.886402551255195,0.23414292997297118,0.6535947712418301,4.227941176470589,98.33767659077421
158,92.13938411669368,88.96627906976742,2.998536549665553,,96.0375816993464,92.828,88.9,99.51219512195122,64.97140522875817,0.0,0.7935651913772221,0.19999409565592513,0.0,3.9828431372549016,98.27750957431272
159,91.93679092382496,90.14941860465117,2.99985001191521,,96.49714052287581,91.653,88.158,99.51219512195122,64.62418300653596,0.0,0.8287007472191761,0.19736943428033318,0.0,4.023692810457517,98.29769360879436
160,92.78768233387358,90.07965116279071,3.000076774646629,97.95731707317073,96.5890522875817,92.504,89.016,99.51219512195122,63.623366013071895,0.30637254901960786,0.8225735774129824,0.24462674396246478,4.57516339869281,3.880718954248366,126.68022406706586
161,92.46353322528363,90.47034883720929,2.9976597311431044,,96.34395424836602,91.491,89.038,99.51219512195122,64.62418300653596,0.0,0.8775287764329537,0.21547299697751704,0.0,4.493464052287582,98.32699971972033
162,92.90923824959481,89.92093023255813,2.993682758541509,,96.4767156862745,92.666,88.567,99.51219512195122,64.62418300653596,0.0,0.7981462308199577,0.18800743765447264,0.0,4.4526143790849675,98.27371865464374
163,93.31442463533226,90.49883720930234,2.996553392812151,,96.69117647058823,92.788,89.116,99.51219512195122,66.15604575163398,0.0,0.7490004383368429,0.1752182197653585,0.6535947712418301,3.9828431372549016,98.20288153691217
164,93.354943273906,89.96162790697674,2.991322059878654,,96.64011437908496,92.342,88.995,99.51219512195122,64.54248366013073,0.16339869281045752,0.7650473078871085,0.18546961789670724,1.3071895424836601,3.799019607843137,98.25199155509472
165,92.05834683954619,89.70406976744187,2.997756294145383,,96.39501633986927,92.707,89.963,99.51219512195122,65.07352941176471,0.30637254901960786,0.8226771163784601,0.20785953854423722,2.6143790849673203,4.330065359477124,98.29297138378024
166,93.47649918962723,90.40348837209301,2.9940208785924187,,96.33374183006535,91.572,89.104,99.51219512195122,64.99183006535948,0.20424836601307192,0.8113634137351529,0.2132351629655151,0.6535947712418301,3.553921568627451,98.24855001224205
167,92.13938411669368,89.34593023255812,3.00542044678229,,96.51756535947712,92.626,90.549,99.51219512195122,66.13562091503267,0.11233660130718953,0.8033327473924051,0.19318290075494182,2.6143790849673203,3.9828431372549016,98.24044094374403
168,93.03079416531604,89.77558139534884,2.9933548197754005,,96.62990196078431,90.681,87.625,99.51219512195122,67.27941176470588,0.28594771241830064,0.7953342565524033,0.2229772814567767,3.2679738562091507,4.207516339869281,98.26100809313357
169,92.38249594813614,89.71220930232559,3.006597745747002,,96.65032679738562,92.828,88.883,99.51219512195122,67.25898692810458,0.0,0.7399256250827141,0.16534963817475667,1.3071895424836601,3.901143790849673,98.27670020796359
170,92.3419773095624,90.99941860465115,3.0012884456875644,98.08943089430895,96.69117647058823,92.22,89.346,99.51219512195122,64.9203431372549,0.05106209150326798,0.7761791449259309,0.1996261286214481,3.9215686274509802,3.9215686274509802,126.94603699306026
171,93.15235008103728,90.24069767441863,2.996928901301404,,96.92606209150327,91.451,88.646,99.51219512195122,65.15522875816994,0.23488562091503268,0.7648198227672016,0.2354236182336714,4.57516339869281,3.553921568627451,98.30855356482789
172,90.88330632090762,88.46279069767441,3.0143000855438133,,96.93627450980392,92.261,88.538,99.51219512195122,64.99183006535948,0.0,0.8695196443133884,0.23194853679027433,0.6535947712418301,4.370915032679738,98.30939463991672
173,93.354943273906,90.51976744186045,2.9940644237944913,,96.78308823529412,92.423,89.104,99.51219512195122,66.24795751633987,0.5821078431372549,0.7302434826695842,0.20856831411471943,2.6143790849673203,3.6968954248366015,98.27901296084747
174,92.66612641815234,89.47848837209304,2.9969462270288454,,96.4767156862745,91.977,89.678,99.51219512195122,66.66666666666666,0.0,0.7687761904854401,0.17484676150081593,1.9607843137254901,4.003267973856209,98.27869744086638
175,92.46353322528363,89.91279069767441,3.006083999692524,,96.65032679738562,92.504,88.833,99.51219512195122,66.921977124183,0.0,0.7560731333990892,0.19272121122362568,2.6143790849673203,4.044117647058823,98.26516385003924
176,93.31442463533226,90.40290697674418,2.9988442116463783,,96.77287581699346,92.261,89.747,99.51219512195122,64.85906862745098,0.010212418300653595,0.7563142213556502,0.2018094620503047,3.9215686274509802,3.9624183006535945,98.26756010390818
177,92.46353322528363,89.62848837209302,2.999398587781761,,96.71160130718954,92.139,89.491,99.51219512195122,66.55433006535948,0.23488562091503268,0.7892105584245881,0.23874086226805363,1.9607843137254901,3.574346405228758,98.34165110904723
178,92.46353322528363,90.43779069767443,3.000247246249182,,96.7218137254902,92.22,89.403,99.51219512195122,67.02410130718954,0.0,0.7389355130201462,0.18261661765232584,1.9607843137254901,3.9419934640522873,98.24310396192595
179,92.90923824959481,90.1156976744186,2.995400345306149,,96.70138888888889,92.058,89.347,99.51219512195122,67.61642156862744,0.0,0.7481270500647477,0.20879711489515757,0.6535947712418301,4.003267973856209,98.22411387600005
180,91.73419773095624,89.49593023255812,2.9988166663789673,98.38414634146342,97.13031045751634,92.828,89.979,99.51219512195122,67.35089869281046,0.23488562091503268,0.703128439051653,0.17765040712711078,2.6143790849673203,3.5130718954248366,126.8526048627682
181,92.9902755267423,89.89127906976744,3.0026821383007922,,97.01797385620915,92.666,89.622,99.51219512195122,66.24795751633987,0.12254901960784313,0.7229601210044101,0.18112288229167461,5.228758169934641,4.023692810457517,98.32354176603258
182,92.78768233387358,90.29011627906976,3.009047915908467,,97.0077614379085,92.545,89.349,99.51219512195122,68.27001633986927,0.0,0.7447833785044602,0.18953532883836552,2.6143790849673203,4.146241830065359,98.25566985737532
183,93.11183144246354,89.41220930232558,3.0013722090512465,,97.24264705882352,92.464,89.741,99.51219512195122,65.7577614379085,0.0,0.7019314800261283,0.1944885509685169,1.9607843137254901,3.553921568627451,98.31342616211623
184,91.77471636952998,88.73313953488372,3.003975392160771,,97.140522875817,92.301,88.946,99.51219512195122,65.55351307189542,0.8680555555555556,0.6862447546198477,0.20664905670275485,7.18954248366013,3.5334967320261437,98.2759524518624
185,92.9902755267423,89.58720930232558,2.9951667565387496,,97.26307189542483,92.464,89.55,99.51219512195122,67.13643790849673,0.20424836601307192,0.7028775619330749,0.18068175766544015,2.6143790849673203,4.473039215686274,98.21113778091967
186,93.23338735818477,90.33662790697674,2.9929593335867315,,97.19158496732027,92.828,88.972,99.51219512195122,64.41993464052288,1.480800653594771,0.7540630479069317,0.32141252693543637,4.57516339869281,3.880718954248366,98.29545880714431
187,92.22042139384116,89.70872093023257,2.9955338415489012,,97.25285947712419,92.139,89.534,99.51219512195122,66.52369281045752,0.0,0.7183516643990099,0.1831579806977043,3.2679738562091507,4.268790849673203,98.39153512334451
188,93.23338735818477,90.56569767441859,2.9923784342538595,,97.34477124183006,92.585,89.601,99.51219512195122,67.56535947712419,0.0,0.6923612001187661,0.16744119082303607,3.2679738562091507,4.084967320261438,98.21069561131299
189,91.73419773095624,88.97500000000001,3.006675162616773,,97.32434640522875,93.314,90.087,99.51219512195122,68.1576797385621,0.0,0.8068427695265783,0.22401342187928996,3.9215686274509802,3.7173202614379086,98.28325900388882
190,91.93679092382496,88.91686046511626,3.0019788440661066,98.78048780487805,97.38562091503267,92.18,88.838,99.51219512195122,67.42238562091504,0.0,0.7141566589669465,0.1959227455865129,3.9215686274509802,3.431372549019608,126.82190898898989
191,92.50405186385737,89.64186046511628,2.995835973918921,,97.33455882352942,91.126,88.412,99.51219512195122,66.96282679738562,0.0,0.6834825904053801,0.17543015431831865,3.9215686274509802,3.9419934640522873,98.2836967529729
192,93.19286871961103,90.55290697674418,2.9976159347707294,,97.31413398692811,91.653,88.324,99.51219512195122,67.16707516339869,0.0,0.7223509306124613,0.16491826396021578,3.9215686274509802,4.187091503267974,98.29357919888571
193,92.86871961102106,89.71569767441862,2.9949679251041754,,97.4468954248366,92.301,89.767,99.51219512195122,69.00531045751634,0.0,0.7219080049909797,0.18414152468390324,3.9215686274509802,4.064542483660131,98.31242159195244
194,93.11183144246354,89.82558139534885,2.997452600268916,,97.61029411764706,93.314,89.967,99.51219512195122,67.51429738562092,0.08169934640522876,0.6914427159658445,0.17935528057122152,1.9607843137254901,4.513888888888888,98.34866271680221
195,92.78768233387358,90.56976744186048,3.00322661562136,,97.82475490196079,92.22,89.301,99.51219512195122,68.0249183006536,0.0,0.7053965630581955,0.167852226449968,1.3071895424836601,4.146241830065359,98.27223124820739
196,92.90923824959481,89.84534883720929,3.0007081391166057,,97.64093137254902,92.099,89.449,99.51219512195122,67.71854575163398,0.7455065359477124,0.6505760890401266,0.20561768192481372,5.88235294117647,3.615196078431373,98.26170207094401
197,92.66612641815234,90.23779069767443,3.0000934071440364,,97.17116013071896,92.261,90.02,99.51219512195122,67.97385620915033,0.0,0.7247076399283472,0.17716975209418856,5.88235294117647,3.553921568627451,98.34259703429416
198,93.354943273906,90.80755813953488,2.99962796848056,,97.68178104575163,92.788,89.946,99.51219512195122,68.1781045751634,0.0,0.6775829247594659,0.18918612212234853,3.2679738562091507,3.758169934640523,98.3687250497751
199,92.6256077795786,90.28313953488372,3.002119715441761,,97.7328431372549,93.071,90.104,99.51219512195122,68.21895424836602,0.0,0.6625985504657614,0.1635256390044697,1.3071895424836601,4.28921568627451,98.2986521651037
200,93.0713128038898,90.00813953488371,2.995568727558204,98.9939024390244,97.61029411764706,92.95,89.788,99.51219512195122,68.30065359477125,0.0,0.6702793252964815,0.1822204458606399,3.2679738562091507,3.9215686274509802,126.84182740421966
201,93.23338735818477,90.06337209302325,2.9914527128735857,,97.75326797385621,93.679,90.603,99.51219512195122,69.15849673202614,0.0,0.6772890269171958,0.19552069992508764,1.9607843137254901,3.594771241830065,98.3604193800129
202,93.39546191247975,91.5953488372093,2.999785063139237,,97.74305555555556,92.828,90.158,99.51219512195122,69.24019607843137,0.0,0.6283838089092885,0.16417282147734774,3.9215686274509802,3.553921568627451,98.25397044792771
203,91.85575364667747,89.67906976744186,3.0057785337129714,,97.89624183006535,92.747,90.233,99.51219512195122,69.73039215686273,0.0,0.7195754984235452,0.1982138677701062,3.9215686274509802,3.8194444444444446,98.3075025207363
204,91.9773095623987,88.92034883720929,3.00542824851829,,97.81454248366013,92.423,90.517,99.51219512195122,68.99509803921569,0.0,0.6499492466644524,0.17451830860836054,3.2679738562091507,3.8398692810457518,98.26639886200428
205,93.0713128038898,89.99011627906978,3.0011819208846875,,97.75326797385621,92.869,89.812,99.51219512195122,68.96446078431373,0.0,0.6339322278410001,0.16209155868958025,5.228758169934641,3.594771241830065,98.31399021716788
206,93.67909238249595,90.68604651162791,2.99562949029128,,97.75326797385621,93.152,90.038,99.51219512195122,67.22834967320262,0.0,0.6591207005716617,0.17400088482627682,4.57516339869281,3.615196078431373,98.30922694504261
207,93.19286871961103,90.4406976744186,2.9968472980023204,,97.97794117647058,91.856,89.228,99.51219512195122,66.58496732026144,0.0,0.6648536499078367,0.16079756778244877,5.228758169934641,4.43218954248366,98.3048898265697
208,92.17990275526742,89.69534883720931,3.0074577269716434,,97.80433006535948,93.639,90.991,99.51219512195122,68.94403594771242,0.0,0.674333659018956,0.18821200403366603,4.57516339869281,3.8398692810457518,98.21287934295833
209,92.74716369529983,90.11279069767441,3.0007306571138157,,97.88602941176471,92.464,89.6,99.51219512195122,68.58660130718954,0.0,0.645629831875851,0.1648477082402488,1.9607843137254901,4.105392156862745,98.33815825823694
210,93.51701782820098,91.22848837209303,2.9964838738959263,99.16666666666667,97.98815359477125,92.666,89.659,99.51219512195122,69.56699346405229,0.0,0.6131440075783948,0.16150529306454986,5.228758169934641,3.6764705882352944,126.88436857704073
211,92.42301458670988,89.80406976744186,3.0029412127391253,,97.90645424836602,93.152,89.191,99.51219512195122,68.52532679738562,0.0,0.6486582199927249,0.1794244783011332,4.57516339869281,3.615196078431373,98.28179407306015
212,93.15235008103728,90.37906976744185,3.0068076850915846,,97.94730392156863,92.464,90.083,99.51219512195122,67.95343137254902,0.0,0.596076134129677,0.14348347633590106,4.57516339869281,4.3504901960784315,98.23397753108293
213,93.7196110210697,91.13313953488372,2.9989232962869554,,98.04942810457517,92.099,89.692,99.51219512195122,67.92279411764706,0.0,0.6354281053774886,0.1482720976342368,2.6143790849673203,4.105392156862745,98.35116770491004
214,92.30145867098865,89.2372093023256,3.0085592354908948,,98.23325163398692,93.152,90.329,99.51219512195122,69.66911764705883,0.0,0.6394571753255293,0.1785904723493492,3.9215686274509802,3.758169934640523,98.34431151440367
215,92.70664505672609,89.59534883720931,2.9986892952138446,,98.04942810457517,92.869,89.816,99.51219512195122,68.77042483660131,0.0,0.5420384349581463,0.13176980783882875,3.2679738562091507,3.9215686274509802,98.26852952921763
216,93.88168557536467,91.0406976744186,2.9984924472518255,,98.35580065359477,93.841,90.812,99.51219512195122,68.62745098039215,0.16339869281045752,0.6530995738077787,0.2233029364249091,7.8431372549019605,3.9828431372549016,98.29523448087275
217,93.19286871961103,90.56686046511628,3.0016145686855964,,98.36601307189542,92.382,89.472,99.51219512195122,68.63766339869281,0.0,0.5769917115423024,0.14504656328338814,5.88235294117647,3.77859477124183,98.30422880500555
218,92.82820097244732,90.19941860465114,3.0033384590519887,,98.24346405228758,92.22,89.98,99.51219512195122,69.42401960784314,0.0,0.6208622799881922,0.18830490213350143,8.49673202614379,3.758169934640523,98.33373314887285
219,92.9902755267423,90.50523255813954,2.9967545790649117,,98.25367647058823,93.233,90.324,99.51219512195122,68.29044117647058,0.25531045751633985,0.6349683326784692,0.19231582508465045,12.418300653594772,3.63562091503268,98.23579761898145
220,93.354943273906,90.19883720930233,2.9959118725608196,99.21747967479675,98.26388888888889,92.666,89.775,99.51219512195122,68.84191176470588,0.010212418300653595,0.6177402329113748,0.17212040904982417,5.228758169934641,4.146241830065359,126.84330877801403
221,92.94975688816855,90.34127906976744,3.0031361301675608,,98.29452614379085,91.977,89.305,99.51219512195122,68.09640522875817,0.0,0.610602053795375,0.1668323043709487,10.457516339869281,4.064542483660131,98.2947075641714
222,92.90923824959481,90.5918604651163,3.0077842104956627,,98.33537581699346,93.031,89.908,99.51219512195122,70.56781045751634,0.0,0.5917610236340098,0.16333085802548072,6.535947712418301,4.084967320261438,98.27097708312795
223,92.90923824959481,90.53720930232558,2.998100657130756,,98.37622549019608,93.152,90.929,99.51219512195122,68.53553921568627,0.0,0.5947251166003982,0.15147778608537968,3.9215686274509802,4.187091503267974,98.15784240700305
224,93.11183144246354,89.8877906976744,2.9977845952421958,,98.51919934640523,93.314,90.274,99.51219512195122,68.52532679738562,0.0,0.6141625417067724,0.1598595359843541,3.9215686274509802,3.901143790849673,98.25286119105294
225,92.58508914100486,90.1453488372093,3.0026336234044795,,98.39665032679738,93.071,90.049,99.51219512195122,69.95506535947712,0.0,0.5893702996906891,0.15871086355079622,9.15032679738562,4.003267973856209,98.34450480900705
226,93.03079416531604,90.22848837209303,2.9988810811282365,,98.35580065359477,92.464,90.491,99.51219512195122,69.11764705882352,0.0,0.6130893733474164,0.16887138774192412,6.535947712418301,4.554738562091503,98.25604183413088
227,93.23338735818477,90.8453488372093,2.999844555723416,,98.38643790849673,92.342,90.15,99.51219512195122,70.05718954248366,0.0,0.5996614880372886,0.18404877532784844,4.57516339869281,3.9828431372549016,98.35405852505937
228,92.9902755267423,90.58720930232559,3.0020769933054474,,98.37622549019608,93.314,90.366,99.51219512195122,69.38316993464052,0.0,0.5449111729957699,0.1427962408078457,7.8431372549019605,3.6968954248366015,98.29148495569825
229,93.19286871961103,90.86686046511628,3.004436707380718,,98.4375,92.95,90.87,99.51219512195122,68.79084967320262,0.0,0.5877233525019845,0.15740741191590144,7.18954248366013,3.9624183006535945,98.2314712330699
230,92.70664505672609,89.8703488372093,3.000930786905644,99.21747967479675,98.45792483660131,92.342,89.847,99.51219512195122,70.85375816993465,0.0,0.6351382252729796,0.18830188085002447,10.457516339869281,4.3504901960784315,126.88520447909832
231,93.03079416531604,91.3203488372093,3.0043095916364724,,98.41707516339869,92.828,90.366,99.51219512195122,71.29289215686273,0.0,0.5878701039583855,0.14700508294200976,5.228758169934641,4.064542483660131,98.29894925095141
232,93.354943273906,91.01162790697674,2.9977412691379097,,98.50898692810458,92.707,90.046,99.51219512195122,70.50653594771242,0.0,0.5313421432050615,0.13229470927682188,7.18954248366013,4.166666666666666,98.38845547288656
233,93.23338735818477,90.47790697674418,2.9998949026172705,,98.48856209150327,93.233,89.616,99.51219512195122,68.99509803921569,0.0,0.5731439751639865,0.16372363882906296,8.49673202614379,4.43218954248366,98.22572262212634
234,93.19286871961103,90.41220930232558,2.9988707618929773,,98.61111111111111,92.95,89.762,99.51219512195122,71.84436274509804,0.0,0.6051696560838643,0.16667482197236003,7.8431372549019605,4.125816993464052,98.22792502306402
235,92.74716369529983,90.1953488372093,3.000627432302293,,98.58047385620915,92.261,89.533,99.51219512195122,71.08864379084967,0.0,0.5847555658493946,0.18350418178620292,3.9215686274509802,3.8398692810457518,98.27434998983517
236,93.23338735818477,90.84883720930233,3.0036955262312435,,98.67238562091504,93.152,90.178,99.51219512195122,71.23161764705883,0.0,0.597257185654313,0.18744824999590326,2.6143790849673203,3.8194444444444446,98.32511189905927
237,93.55753646677472,91.20406976744185,2.9985249888761696,,98.703022875817,92.747,89.988,99.51219512195122,70.66993464052288,0.0,0.5072459783283324,0.13128201389575705,4.57516339869281,3.860294117647059,98.29677321203053
238,92.90923824959481,90.82034883720931,3.0050578658352793,,98.68259803921569,93.476,89.662,99.51219512195122,71.7218137254902,0.0,0.5832682188137684,0.17909731012251642,5.228758169934641,4.084967320261438,98.19859895668924
239,93.47649918962723,91.27906976744185,2.998760199430889,,98.65196078431373,92.18,90.128,99.51219512195122,71.7422385620915,0.0,0.5620708240354373,0.15639371388390952,8.49673202614379,4.248366013071895,98.26721208402887
240,92.54457050243111,90.19999999999999,3.005537475913618,99.34959349593495,98.5702614379085,92.707,89.82,99.51219512195122,70.1593137254902,0.0,0.5721515431464498,0.15710158422102335,4.57516339869281,4.248366013071895,126.84758416004479
241,93.47649918962723,90.59127906976745,2.998985452435585,,98.76429738562092,92.95,90.174,99.51219512195122,72.08946078431373,0.0,0.5838141948520358,0.1893058606222564,4.57516339869281,3.758169934640523,98.27283704699948
242,93.27390599675851,90.57848837209302,3.001159850357031,,98.78472222222221,92.869,89.708,99.51219512195122,70.98651960784314,0.0,0.5602820525128468,0.16310588082943867,7.18954248366013,4.023692810457517,98.24206610582769
243,92.94975688816855,90.55813953488372,3.0084377691463673,,98.78472222222221,93.476,90.412,99.51219512195122,72.140522875817,0.0,0.5411122502162565,0.15706537756460165,5.228758169934641,3.63562091503268,98.24803733965382
244,93.63857374392221,91.29127906976746,2.998847084261803,,98.66217320261438,92.99,89.521,99.51219512195122,70.578022875817,0.0,0.5527415563857633,0.15314172046392963,11.11111111111111,3.6560457516339873,98.2858736612834
245,93.19286871961103,90.5918604651163,2.9997670812776835,,98.64174836601308,92.95,90.633,99.51219512195122,70.70057189542483,0.0,0.617676136248252,0.2038284852321631,13.071895424836603,3.9215686274509802,98.39703433867544
246,93.19286871961103,90.73662790697675,3.005825305873803,,98.81535947712419,93.355,90.787,99.51219512195122,71.71160130718954,0.0,0.5783291630982573,0.14786002441656357,11.76470588235294,4.43218954248366,98.19466627808288
247,93.11183144246354,90.83779069767442,2.9989459966724463,,98.78472222222221,92.747,89.021,99.51219512195122,71.7422385620915,0.0,0.4922712655384946,0.14905559443229555,4.57516339869281,3.5130718954248366,98.28219329938293
248,92.82820097244732,89.68720930232558,3.0008372727244175,,98.67238562091504,92.828,89.854,99.51219512195122,72.07924836601308,0.0,0.5225400922004304,0.15560485950969402,5.88235294117647,3.6764705882352944,98.40753076598048
249,93.03079416531604,90.91627906976744,3.0007220860238593,,98.84599673202614,92.666,89.663,99.51219512195122,72.76348039215686,0.0,0.5230982312871739,0.15220515182838332,4.57516339869281,3.901143790849673,98.23613374494016
250,93.0713128038898,90.54127906976746,3.0035362058172734,99.40040650406505,98.90727124183006,92.464,89.75,99.51219512195122,71.12949346405229,0.0,0.5467886812254494,0.16133767971464621,5.228758169934641,3.9828431372549016,126.84675252903253
251,93.76012965964344,91.29476744186047,3.0061232483367673,,99.08088235294117,93.031,89.98,99.51219512195122,72.41625816993465,0.0,0.540734913687106,0.16871185796761434,5.88235294117647,3.9828431372549016,98.20829438790679
252,93.67909238249595,90.52441860465116,3.002418318675828,,98.98897058823529,93.436,90.687,99.51219512195122,73.41707516339869,0.0,0.5178388151906285,0.133194893476815,4.57516339869281,4.248366013071895,98.26755467290059
253,93.39546191247975,91.39941860465116,3.001908327810575,,98.86642156862744,92.95,90.062,99.51219512195122,71.82393790849673,0.0,0.4991871434343017,0.1400967805092436,7.18954248366013,4.003267973856209,98.29816182469949
254,92.90923824959481,90.78720930232558,3.0014878895912602,,98.96854575163398,92.139,89.154,99.51219512195122,71.76266339869281,0.0,0.4908301773803686,0.15036429451425481,8.49673202614379,4.003267973856209,98.38637506589293
255,93.11183144246354,90.26220930232557,3.0011991279824626,,98.76429738562092,92.464,89.621,99.51219512195122,70.046977124183,0.0,0.4975402899865621,0.144583801270213,8.49673202614379,3.77859477124183,98.31460792012513
256,92.86871961102106,90.09127906976744,3.004228885594991,,98.97875816993465,93.193,91.196,99.51219512195122,71.0375816993464,0.0,0.5630423503568749,0.17215140907739113,8.49673202614379,4.023692810457517,98.22763504320756
257,92.74716369529983,90.55348837209301,3.0045000104115887,,99.08088235294117,92.747,90.433,99.51219512195122,71.83415032679738,0.0,0.5386650117442888,0.17644296080068825,2.6143790849673203,3.9828431372549016,98.26260339980945
258,92.6256077795786,90.32093023255815,3.0035369519862787,,98.95833333333334,92.666,89.97,99.51219512195122,72.24264705882352,0.0,0.5167228110085905,0.1577337646211674,7.8431372549019605,4.370915032679738,98.27593548363075
259,93.19286871961103,90.48662790697675,2.9981051751048677,,98.78472222222221,92.747,90.408,99.51219512195122,72.48774509803921,0.0,0.4972650261437581,0.1416155162443912,10.457516339869281,4.28921568627451,98.17748729605228
260,93.27390599675851,90.83720930232559,3.005582938511136,99.54268292682927,98.99918300653596,92.828,90.295,99.51219512195122,71.21119281045752,0.0,0.4701492010183584,0.11221513528303773,8.49673202614379,3.6968954248366015,126.66168346488848
261,93.15235008103728,90.58720930232559,3.007764412479617,,98.97875816993465,93.112,90.691,99.51219512195122,72.54901960784314,0.0,0.47218385945056,0.1310210181339309,9.15032679738562,3.758169934640523,98.47935524117202
262,93.11183144246354,90.35755813953487,3.0012488226063634,,99.01960784313727,93.598,90.358,99.51219512195122,71.09885620915033,0.0,0.4830244727481424,0.13376241098188496,8.49673202614379,4.677287581699346,98.36691900389269
263,93.354943273906,90.86627906976744,3.003899725754798,,99.10130718954248,92.909,90.737,99.51219512195122,72.21200980392157,0.0,0.502603507144194,0.15640666232340866,4.57516339869281,3.9419934640522873,98.24626348773018
264,92.9902755267423,90.76627906976744,3.0048315695077905,,99.19321895424837,92.707,91.02,99.51219512195122,71.23161764705883,0.0,0.5060494434745872,0.14130678197088975,5.88235294117647,4.248366013071895,98.14875310473144
265,93.80064829821718,91.37441860465117,3.001626618677445,,99.1625816993464,93.314,90.591,99.51219512195122,73.19240196078431,0.0,0.5330461047443689,0.16326794856124455,5.228758169934641,4.268790849673203,98.22616843925789
266,93.0713128038898,90.66279069767441,3.0052194769224045,,99.18300653594771,92.545,89.624,99.51219512195122,73.10049019607843,0.0,0.45014504803454175,0.13375864720909425,4.57516339869281,4.003267973856209,98.3740232270211
267,94.16531604538088,91.71162790697673,2.9978359557048235,,99.0298202614379,92.869,90.02,99.51219512195122,73.76429738562092,0.0,0.5055222005090293,0.15596170759960717,7.18954248366013,3.6560457516339873,98.2432202519849
268,93.354943273906,90.42441860465115,3.002427680759028,,99.1625816993464,93.071,90.092,99.51219512195122,71.86478758169935,0.0,0.48671520754597547,0.13128656276739112,8.49673202614379,3.9419934640522873,98.3238994460553
269,93.354943273906,91.28255813953488,2.99643535938603,,99.1421568627451,92.504,89.566,99.51219512195122,73.19240196078431,0.04084967320261438,0.4690734150703826,0.1305333947994156,4.57516339869281,3.9624183006535945,98.29550332808867
270,92.54457050243111,89.77093023255816,3.007590522256044,99.61382113821138,99.1625816993464,93.558,90.808,99.51219512195122,72.39583333333334,0.0,0.4632505656165235,0.11671486179180005,10.457516339869281,4.023692810457517,126.82423866307363
271,93.47649918962723,90.87906976744186,2.9986621835050165,,99.20343137254902,92.828,90.658,99.51219512195122,71.11928104575163,0.0,0.47891417450082846,0.14594665141715332,4.57516339869281,3.860294117647059,98.30354569014162
272,93.19286871961103,89.92848837209301,3.0058415419085485,,99.18300653594771,92.545,90.416,99.51219512195122,73.92769607843137,0.0,0.5192097936288204,0.15860436834833203,4.57516339869281,3.9624183006535945,98.35246628709137
273,93.47649918962723,91.10348837209301,3.0039335479612674,,99.0298202614379,93.436,90.953,99.51219512195122,72.45710784313727,0.0,0.4873259756105398,0.14402133793710103,8.49673202614379,4.084967320261438,98.28985912073404
274,92.70664505672609,90.17151162790698,3.0014182845043016,,99.11151960784314,93.274,90.949,99.51219512195122,73.13112745098039,0.0,0.47292519531218835,0.11126183563831195,7.18954248366013,4.79983660130719,98.3063776306808
275,93.11183144246354,90.60465116279069,2.999004074201785,,99.1421568627451,93.476,90.279,99.51219512195122,72.8656045751634,0.0,0.4850264543460475,0.15638922344820172,11.76470588235294,3.9419934640522873,98.2967069838196
276,92.82820097244732,90.67906976744186,3.0044668698426777,,99.23406862745098,93.355,90.591,99.51219512195122,72.50816993464052,0.0,0.4455738619846456,0.12056650881186809,9.803921568627452,4.227941176470589,98.23590763518587
277,93.354943273906,90.72848837209303,3.0014991404751323,,99.20343137254902,93.193,90.675,99.51219512195122,73.33537581699346,0.0,0.4597473441580542,0.12692406594607175,3.9215686274509802,4.023692810457517,98.23077755793929
278,93.55753646677472,91.24127906976744,2.995458961499182,,99.10130718954248,93.193,90.191,99.51219512195122,74.49959150326796,0.0,0.502254483162188,0.15266067985128734,5.88235294117647,4.187091503267974,98.38653155090287
279,92.74716369529983,90.01279069767442,3.0088265796148215,,99.31576797385621,93.679,90.624,99.51219512195122,71.61968954248366,0.05106209150326798,0.4783526679951381,0.15731486572208359,7.18954248366013,3.9419934640522873,98.29149826569483
280,92.26094003241491,89.925,3.0048275921294523,99.59349593495935,99.21364379084967,93.274,90.458,99.51219512195122,71.875,0.0,0.42374911950596794,0.10353320914935442,5.88235294117647,4.595588235294118,126.82768941111863
281,93.31442463533226,90.59534883720929,3.0039454955529163,,99.13194444444444,92.95,89.945,99.51219512195122,72.81454248366013,0.0,0.493368457540188,0.16510623751902112,8.49673202614379,3.7377450980392157,98.317305827979
282,93.43598055105349,90.97441860465116,3.0023377134888833,,99.25449346405229,93.314,91.016,99.51219512195122,74.01960784313727,0.0,0.5186828064178329,0.17423872706888158,7.18954248366013,3.8398692810457518,98.21122279530391
283,93.67909238249595,91.43255813953489,2.9986404870279024,,99.19321895424837,93.071,90.437,99.51219512195122,74.4281045751634,0.0,0.475609640304754,0.13636425447960696,7.18954248366013,4.166666666666666,98.25572723103687
284,93.51701782820098,91.6156976744186,3.001870329221605,,99.32598039215686,93.395,90.645,99.51219512195122,73.29452614379085,0.0,0.47970355404358284,0.14925392317810868,7.18954248366013,4.003267973856209,98.31974421720952
285,93.51701782820098,90.9406976744186,3.0011253383982703,,99.18300653594771,93.436,90.47,99.51219512195122,73.45792483660131,0.0,0.48016683155902073,0.1477626162928109,7.8431372549019605,3.63562091503268,98.32559890393168
286,93.03079416531604,90.82441860465116,3.0059429246757174,,99.31576797385621,93.112,89.974,99.51219512195122,73.78472222222221,0.0,0.4346584820620764,0.11749900215201908,7.18954248366013,4.003267973856209,98.29494147188962
287,92.94975688816855,90.88662790697676,3.007270991125988,,99.32598039215686,93.112,89.778,99.51219512195122,74.98978758169935,0.0,0.47939128815835597,0.15204406583231259,13.071895424836603,3.4722222222222223,98.3250308027491
288,93.27390599675851,90.56220930232558,3.003303127505211,,99.2749183006536,93.112,90.02,99.51219512195122,72.37540849673204,0.0,0.4647214870924264,0.1458657549243737,10.457516339869281,3.880718954248366,98.22037352388725
289,93.51701782820098,90.81627906976743,3.003602297997745,,99.1625816993464,93.071,89.949,99.51219512195122,72.76348039215686,0.0,0.4235667437314987,0.12515558757715756,15.032679738562091,3.7173202614379086,98.3541529267095
290,93.59805510534846,91.24127906976744,3.001153423875039,99.70528455284553,99.2749183006536,92.95,89.874,99.51219512195122,74.25449346405229,0.0,0.4413742611269935,0.11594421720874855,8.49673202614379,4.003267973856209,126.98236095393077
291,93.11183144246354,90.68662790697675,3.009559511558743,,99.38725490196079,92.99,90.595,99.51219512195122,72.75326797385621,0.0,0.38322147834145165,0.10765719116708032,7.18954248366013,3.6968954248366015,98.3011960000731
292,93.55753646677472,91.46976744186045,3.0072130758913063,,99.32598039215686,93.031,90.72,99.51219512195122,72.21200980392157,0.0,0.4087342588730108,0.10557590429884156,9.803921568627452,3.574346405228758,98.2239895267412
293,93.7196110210697,91.64127906976744,3.0074913752909804,,99.4281045751634,92.626,89.378,99.51219512195122,73.38643790849673,0.0,0.46415694520559186,0.13039585532851858,10.457516339869281,4.411764705882353,98.28882793523371
294,92.9902755267423,90.78720930232558,3.0070021778490013,,99.28513071895425,93.76,90.774,99.51219512195122,71.37459150326796,0.0,0.4666213571684423,0.13919696885045446,15.032679738562091,4.166666666666666,98.26815749658272
295,93.19286871961103,90.8953488372093,3.007605917063486,,99.26470588235294,93.112,90.162,99.51219512195122,72.0281862745098,0.0,0.4751351024054624,0.1305695487052397,16.99346405228758,4.28921568627451,98.2423681979999
296,93.43598055105349,90.8453488372093,3.010356974176688,,99.31576797385621,92.95,90.37,99.51219512195122,72.66135620915033,0.0,0.440016236302315,0.13651910184401703,5.228758169934641,3.7377450980392157,98.29437097720802
297,92.86871961102106,91.01627906976745,3.0108764755088275,,99.35661764705883,92.504,89.254,99.51219512195122,73.74387254901961,0.0,0.45997323017883923,0.11491051822705986,7.8431372549019605,4.166666666666666,98.35297417081892
298,93.39546191247975,91.44127906976746,3.0079764102614295,,99.33619281045752,92.585,90.429,99.51219512195122,72.8451797385621,0.0,0.46358706032723385,0.14395099224559232,11.76470588235294,3.6968954248366015,98.17370929429308
299,92.9902755267423,90.38313953488372,3.004630248782314,,99.38725490196079,92.707,90.399,99.51219512195122,72.32434640522875,0.0,0.42573269544278874,0.12405391322339282,5.228758169934641,3.6968954248366015,98.19820271711797
300,93.15235008103728,90.78720930232558,3.0015542827896784,99.73577235772358,99.31576797385621,93.233,90.42,99.51219512195122,72.04861111111111,0.0,0.406056509639313,0.10705322596956701,11.76470588235294,3.6968954248366015,126.79384520370513
